match_id,home_recent_games,home_recent_goals,home_recent_conceded,home_recent_wins,home_recent_draws,home_recent_losses,away_recent_games,away_recent_goals,away_recent_conceded,away_recent_wins,away_recent_draws,away_recent_losses
2006-06-09_Germany_Costa Rica,0,0,0,0,0,0,0,0,0,0,0,0
2006-06-09_Poland_Ecuador,0,0,0,0,0,0,0,0,0,0,0,0
2006-06-10_England_Paraguay,0,0,0,0,0,0,0,0,0,0,0,0
2006-06-10_Trinidad and Tobago_Sweden,0,0,0,0,0,0,0,0,0,0,0,0
2006-06-10_Argentina_Ivory Coast,0,0,0,0,0,0,0,0,0,0,0,0
2006-06-10_Serbia and Montenegro_Netherlands,0,0,0,0,0,0,0,0,0,0,0,0
2006-06-11_Mexico_Iran,0,0,0,0,0,0,0,0,0,0,0,0
2006-06-11_Angola_Portugal,0,0,0,0,0,0,0,0,0,0,0,0
2006-06-11_Italy_Ghana,0,0,0,0,0,0,0,0,0,0,0,0
2006-06-12_USA_Czech Republic,0,0,0,0,0,0,0,0,0,0,0,0
2006-06-12_Japan_Australia,0,0,0,0,0,0,0,0,0,0,0,0
2006-06-12_Brazil_Croatia,0,0,0,0,0,0,0,0,0,0,0,0
2006-06-13_South Korea_Togo,0,0,0,0,0,0,0,0,0,0,0,0
2006-06-13_France_Switzerland,0,0,0,0,0,0,0,0,0,0,0,0
2006-06-13_Spain_Ukraine,0,0,0,0,0,0,0,0,0,0,0,0
2006-06-14_Tunisia_Saudi Arabia,0,0,0,0,0,0,0,0,0,0,0,0
2006-06-14_Germany_Poland,1,4,2,1,0,0,1,0,2,0,0,1
2006-06-14_Ecuador_Costa Rica,1,2,0,1,0,0,1,2,4,0,0,1
2006-06-15_England_Trinidad and Tobago,1,1,0,1,0,0,1,0,0,0,1,0
2006-06-15_Sweden_Paraguay,1,0,0,0,1,0,1,0,1,0,0,1
2006-06-15_Argentina_Serbia and Montenegro,1,2,1,1,0,0,1,0,1,0,0,1
2006-06-15_Netherlands_Ivory Coast,1,1,0,1,0,0,1,1,2,0,0,1
2006-06-16_Mexico_Angola,1,3,1,1,0,0,1,0,1,0,0,1
2006-06-16_Portugal_Iran,1,1,0,1,0,0,1,1,3,0,0,1
2006-06-17_Italy_USA,1,2,0,1,0,0,1,0,3,0,0,1
2006-06-17_Czech Republic_Ghana,1,3,0,1,0,0,1,0,2,0,0,1
2006-06-18_Japan_Croatia,1,1,3,0,0,1,1,0,1,0,0,1
2006-06-18_Brazil_Australia,1,1,0,1,0,0,1,3,1,1,0,0
2006-06-18_South Korea_France,1,2,1,1,0,0,1,0,0,0,1,0
2006-06-18_Togo_Switzerland,1,1,2,0,0,1,1,0,0,0,1,0
2006-06-19_Saudi Arabia_Ukraine,1,2,2,0,1,0,1,0,4,0,0,1
2006-06-19_Spain_Tunisia,1,4,0,1,0,0,1,2,2,0,1,0
2006-06-20_Ecuador_Germany,2,5,0,2,0,0,2,5,2,2,0,0
2006-06-20_Costa Rica_Poland,2,2,7,0,0,2,2,0,3,0,0,2
2006-06-20_Paraguay_Trinidad and Tobago,2,0,2,0,0,2,2,0,2,0,1,1
2006-06-20_Sweden_England,2,1,0,1,1,0,2,3,0,2,0,0
2006-06-21_Ivory Coast_Serbia and Montenegro,2,2,4,0,0,2,2,0,7,0,0,2
2006-06-21_Netherlands_Argentina,2,3,1,2,0,0,2,8,1,2,0,0
2006-06-21_Portugal_Mexico,2,3,0,2,0,0,2,3,1,1,1,0
2006-06-21_Iran_Angola,2,1,5,0,0,2,2,0,1,0,1,1
2006-06-22_Ghana_USA,2,2,2,1,0,1,2,1,4,0,1,1
2006-06-22_Czech Republic_Italy,2,3,2,1,0,1,2,3,1,1,1,0
2006-06-22_Japan_Brazil,2,1,3,0,1,1,2,3,0,2,0,0
2006-06-22_Croatia_Australia,2,0,1,0,1,1,2,3,3,1,0,1
2006-06-23_Togo_France,2,1,4,0,0,2,2,1,1,0,2,0
2006-06-23_Switzerland_South Korea,2,2,0,1,1,0,2,3,2,1,1,0
2006-06-23_Saudi Arabia_Spain,2,2,6,0,1,1,2,7,1,2,0,0
2006-06-23_Ukraine_Tunisia,2,4,4,1,0,1,2,3,5,0,1,1
2006-06-24_Germany_Sweden,3,8,2,3,0,0,3,3,2,1,2,0
2006-06-24_Argentina_Mexico,3,8,1,2,1,0,3,4,3,1,1,1
2006-06-25_England_Ecuador,3,5,2,2,1,0,3,5,3,2,0,1
2006-06-25_Portugal_Netherlands,3,5,1,3,0,0,3,3,1,2,1,0
2006-06-26_Italy_Australia,3,5,1,2,1,0,3,5,5,1,1,1
2006-06-26_Switzerland_Ukraine,3,4,0,2,1,0,3,5,4,2,0,1
2006-06-26_Brazil_Ghana,3,7,1,3,0,0,3,4,3,2,0,1
2006-06-27_Spain_France,3,8,1,3,0,0,3,3,1,1,2,0
2006-06-30_Germany_Argentina,4,10,2,4,0,0,4,10,2,3,1,0
2006-06-30_Italy_Ukraine,4,6,1,3,1,0,4,5,4,2,1,1
2006-07-01_England_Portugal,4,6,2,3,1,0,4,6,1,4,0,0
2006-07-01_Brazil_France,4,10,1,4,0,0,4,6,2,2,2,0
2006-07-04_Italy_Germany,5,9,1,4,1,0,5,11,3,4,1,0
2006-07-05_Portugal_France,5,6,1,4,1,0,5,7,2,3,2,0
2006-07-08_Germany_Portugal,6,11,5,4,1,1,6,6,2,4,1,1
2006-07-09_Italy_France,6,11,1,5,1,0,6,8,2,4,2,0
2008-06-07_Switzerland_Czech Republic,4,4,0,2,2,0,3,3,4,1,0,2
2008-06-07_Portugal_Turkey,7,7,5,4,1,2,0,0,0,0,0,0
2008-06-08_Austria_Croatia,0,0,0,0,0,0,3,2,3,0,2,1
2008-06-08_Germany_Poland,7,14,6,5,1,1,3,2,4,1,0,2
2008-06-09_Romania_France,0,0,0,0,0,0,7,9,3,4,3,0
2008-06-09_Netherlands_Italy,4,3,2,2,1,1,7,12,2,5,2,0
2008-06-10_Spain_Russia,4,9,4,3,0,1,0,0,0,0,0,0
2008-06-10_Greece_Sweden,0,0,0,0,0,0,4,3,4,1,2,1
2008-06-11_Czech Republic_Portugal,4,4,4,2,0,2,8,9,5,5,1,2
2008-06-11_Switzerland_Turkey,5,4,1,2,2,1,1,0,2,0,0,1
2008-06-12_Croatia_Germany,4,3,3,1,2,1,8,16,6,6,1,1
2008-06-12_Austria_Poland,1,0,1,0,0,1,4,2,6,1,0,3
2008-06-13_Italy_Romania,8,12,5,5,2,1,1,0,0,0,1,0
2008-06-13_Netherlands_France,5,6,2,3,1,1,8,9,3,4,4,0
2008-06-14_Sweden_Spain,5,5,4,2,2,1,5,13,5,4,0,1
2008-06-14_Greece_Russia,1,0,2,0,0,1,1,1,4,0,0,1
2008-06-15_Portugal_Switzerland,9,12,6,6,1,2,6,5,3,2,2,2
2008-06-15_Turkey_Czech Republic,2,2,3,1,0,1,5,5,7,2,0,3
2008-06-16_Austria_Germany,2,1,2,0,1,1,9,17,8,6,1,2
2008-06-16_Poland_Croatia,5,3,7,1,1,3,5,5,4,2,2,1
2008-06-17_France_Italy,9,10,7,4,4,1,9,13,6,5,3,1
2008-06-17_Netherlands_Romania,6,10,3,4,1,1,2,1,1,0,2,0
2008-06-18_Greece_Spain,2,0,3,0,0,2,6,15,6,5,0,1
2008-06-18_Russia_Sweden,2,2,4,1,0,1,6,6,6,2,2,2
2008-06-19_Portugal_Germany,10,14,6,7,1,2,10,18,8,7,1,2
2008-06-20_Croatia_Turkey,6,6,4,3,2,1,3,5,5,2,0,1
2008-06-21_Netherlands_Russia,7,12,3,5,1,1,3,4,4,2,0,1
2008-06-22_Spain_Italy,7,17,7,6,0,1,10,15,6,6,3,1
2008-06-25_Germany_Turkey,10,17,8,7,1,2,4,6,6,2,1,1
2008-06-26_Russia_Spain,4,7,5,3,0,1,8,17,7,6,1,1
2008-06-29_Germany_Spain,10,19,10,7,1,2,9,20,7,7,1,1
2010-06-11_South Africa_Mexico,0,0,0,0,0,0,4,5,5,1,1,2
2010-06-11_Uruguay_France,0,0,0,0,0,0,10,10,9,4,4,2
2010-06-12_Korea Republic_Greece,0,0,0,0,0,0,3,1,5,0,0,3
2010-06-12_Argentina_Nigeria,5,11,3,3,2,0,0,0,0,0,0,0
2010-06-12_England_USA,5,6,2,3,2,0,3,2,6,0,1,2
2010-06-13_Algeria_Slovenia,0,0,0,0,0,0,0,0,0,0,0,0
2010-06-13_Serbia_Ghana,0,0,0,0,0,0,4,4,6,2,0,2
2010-06-13_Germany_Australia,10,16,11,6,1,3,4,5,6,1,1,2
2010-06-14_Netherlands_Denmark,8,13,6,5,1,2,0,0,0,0,0,0
2010-06-14_Japan_Cameroon,3,2,7,0,1,2,0,0,0,0,0,0
2010-06-14_Italy_Paraguay,10,13,6,5,4,1,3,2,2,1,0,2
2010-06-15_New Zealand_Slovakia,0,0,0,0,0,0,0,0,0,0,0,0
2010-06-15_Ivory Coast_Portugal,3,5,6,1,0,2,10,15,9,6,1,3
2010-06-15_Brazil_Korea DPR,5,10,2,4,0,1,0,0,0,0,0,0
2010-06-16_Honduras_Chile,0,0,0,0,0,0,0,0,0,0,0,0
2010-06-16_Spain_Switzerland,10,21,7,8,1,1,7,5,5,2,2,3
2010-06-17_South Africa_Uruguay,1,1,1,0,1,0,1,0,0,0,1,0
2010-06-17_Mexico_France,5,6,6,1,2,2,10,10,9,4,4,2
2010-06-17_Argentina_Korea Republic,6,12,3,4,2,0,1,2,0,1,0,0
2010-06-17_Greece_Nigeria,4,1,7,0,0,4,1,0,1,0,0,1
2010-06-18_England_Algeria,6,7,3,3,3,0,1,0,1,0,0,1
2010-06-18_Slovenia_USA,1,1,0,1,0,0,4,3,7,0,2,2
2010-06-18_Germany_Serbia,10,18,11,6,1,3,1,0,1,0,0,1
2010-06-19_Ghana_Australia,5,5,6,3,0,2,5,5,10,1,1,3
2010-06-19_Netherlands_Japan,9,15,6,6,1,2,4,3,7,1,1,2
2010-06-19_Denmark_Cameroon,1,0,2,0,0,1,1,0,1,0,0,1
2010-06-20_Italy_New Zealand,10,13,6,5,4,1,1,1,1,0,1,0
2010-06-20_Slovakia_Paraguay,1,1,1,0,1,0,4,3,3,1,1,2
2010-06-20_Brazil_Ivory Coast,6,12,3,5,0,1,4,5,6,1,1,2
2010-06-20_Portugal_Korea DPR,10,13,9,5,2,3,1,1,2,0,0,1
2010-06-21_Chile_Switzerland,1,1,0,1,0,0,8,6,5,3,2,3
2010-06-21_Spain_Honduras,10,17,8,7,1,2,1,0,1,0,0,1
2010-06-22_Mexico_Uruguay,6,8,6,2,2,2,2,3,0,1,1,0
2010-06-22_France_South Africa,10,9,10,4,3,3,2,1,4,0,1,1
2010-06-22_Nigeria_Korea Republic,2,1,3,0,0,2,2,3,4,1,0,1
2010-06-22_Greece_Argentina,5,3,8,1,0,4,7,16,4,5,2,0
2010-06-23_USA_Algeria,5,5,9,0,3,2,2,0,1,0,1,1
2010-06-23_Slovenia_England,2,3,2,1,1,0,7,7,3,3,4,0
2010-06-23_Ghana_Germany,6,6,7,3,1,2,10,17,11,6,0,4
2010-06-23_Australia_Serbia,6,6,11,1,2,3,2,1,1,1,0,1
2010-06-24_Slovakia_Italy,2,1,3,0,1,1,10,12,7,4,5,1
2010-06-24_Paraguay_New Zealand,5,5,3,2,1,2,2,2,2,0,2,0
2010-06-24_Denmark_Japan,2,2,3,1,0,1,5,3,8,1,1,3
2010-06-24_Cameroon_Netherlands,2,1,3,0,0,2,10,16,6,7,1,2
2010-06-25_Korea DPR_Ivory Coast,2,1,9,0,0,2,5,6,9,1,1,3
2010-06-25_Brazil_Portugal,7,15,4,6,0,1,10,18,8,5,2,3
2010-06-25_Spain_Chile,10,16,7,7,1,2,2,2,0,2,0,0
2010-06-25_Switzerland_Honduras,9,6,6,3,2,4,2,0,3,0,0,2
2010-06-26_Uruguay_Korea Republic,3,4,0,2,1,0,3,5,6,1,1,1
2010-06-26_USA_Ghana,6,6,9,1,3,2,7,6,8,3,1,3
2010-06-27_Germany_England,10,18,9,7,0,3,8,8,3,4,4,0
2010-06-27_Argentina_Mexico,8,18,4,6,2,0,7,8,7,2,2,3
2010-06-28_Netherlands_Slovakia,10,17,7,7,1,2,3,4,5,1,1,1
2010-06-28_Brazil_Chile,8,15,4,6,1,1,3,3,2,2,0,1
2010-06-29_Paraguay_Japan,6,5,3,2,2,2,6,6,9,2,1,3
2010-06-29_Spain_Portugal,10,17,8,7,1,2,10,17,8,4,3,3
2010-07-02_Netherlands_Brazil,10,17,7,7,1,2,9,18,4,7,1,1
2010-07-02_Uruguay_Ghana,4,6,1,3,1,0,8,8,9,4,1,3
2010-07-03_Germany_Argentina,10,19,9,7,0,3,9,21,5,7,2,0
2010-07-03_Paraguay_Spain,7,5,3,2,3,2,10,17,5,8,1,1
2010-07-06_Uruguay_Netherlands,5,7,2,3,2,0,10,19,8,8,0,2
2010-07-07_Germany_Spain,10,21,9,7,0,3,10,14,4,8,1,1
2010-07-10_Germany_Uruguay,10,20,8,7,0,3,6,9,5,3,2,1
2010-07-11_Netherlands_Spain,10,22,9,9,0,1,10,13,3,8,1,1
2012-06-08_Poland_Greece,6,3,8,1,1,4,6,3,10,1,0,5
2012-06-08_Russia_Czech Republic,5,7,8,3,0,2,6,7,10,2,0,4
2012-06-09_Netherlands_Denmark,10,19,10,8,0,2,3,3,6,1,0,2
2012-06-09_Germany_Portugal,10,22,10,7,0,3,10,17,9,4,2,4
2012-06-10_Spain_Italy,10,12,2,8,1,1,10,13,10,3,5,2
2012-06-10_Ireland_Croatia,0,0,0,0,0,0,7,7,5,3,3,1
2012-06-11_France_England,10,8,12,3,3,4,9,9,7,4,4,1
2012-06-11_Ukraine_Sweden,5,5,7,2,1,2,7,6,8,2,2,3
2012-06-12_Greece_Czech Republic,7,4,11,1,1,5,7,8,14,2,0,5
2012-06-12_Poland_Russia,7,4,9,1,2,4,6,11,9,4,0,2
2012-06-13_Denmark_Portugal,4,4,6,2,0,2,10,17,9,4,2,4
2012-06-13_Netherlands_Germany,10,15,10,7,0,3,10,20,8,7,0,3
2012-06-14_Italy_Croatia,10,11,11,2,6,2,8,10,6,4,3,1
2012-06-14_Spain_Ireland,10,13,3,8,1,1,1,1,3,0,0,1
2012-06-15_Sweden_England,8,7,10,2,2,4,10,10,8,4,5,1
2012-06-15_Ukraine_France,6,7,8,3,1,2,10,6,12,2,4,4
2012-06-16_Czech Republic_Poland,8,10,15,3,0,5,8,5,10,1,3,4
2012-06-16_Greece_Russia,8,5,13,1,1,6,7,12,10,4,1,2
2012-06-17_Portugal_Netherlands,10,19,8,5,2,3,10,14,12,6,0,4
2012-06-17_Denmark_Germany,5,6,9,2,0,3,10,19,7,7,0,3
2012-06-18_Croatia_Spain,9,11,7,4,4,1,10,14,3,8,1,1
2012-06-18_Italy_Ireland,10,10,12,1,7,2,2,1,7,0,0,2
2012-06-19_England_Ukraine,10,12,10,4,5,1,7,7,10,3,1,3
2012-06-19_Sweden_France,9,9,13,2,2,5,10,7,12,2,4,4
2012-06-21_Czech Republic_Portugal,9,11,15,4,0,5,10,19,9,5,2,3
2012-06-21_Germany_Greece,10,21,7,8,0,2,9,6,13,2,1,6
2012-06-22_Spain_France,10,14,3,8,1,1,10,6,14,1,4,5
2012-06-22_England_Italy,10,11,10,4,5,1,10,11,11,2,6,2
2012-06-27_Portugal_Spain,10,17,8,5,2,3,10,16,2,9,1,0
2012-06-28_Germany_Italy,10,21,9,8,0,2,10,11,8,2,7,1
2012-07-01_Spain_Italy,10,14,2,8,2,0,10,12,8,3,6,1
2014-06-12_Brazil_Croatia,10,19,6,7,1,2,10,11,8,4,4,2
2014-06-13_Mexico_Cameroon,8,9,10,2,2,4,3,2,5,0,0,3
2014-06-13_Spain_Netherlands,10,16,1,8,2,0,10,14,11,6,0,4
2014-06-13_Chile_Australia,4,3,5,2,0,2,7,8,12,2,2,3
2014-06-14_Colombia_Greece,0,0,0,0,0,0,10,8,17,2,1,7
2014-06-14_Uruguay_Costa Rica,7,11,8,3,2,2,3,3,9,0,0,3
2014-06-14_England_Italy,10,9,8,4,5,1,10,10,12,2,6,2
2014-06-14_Ivory Coast_Japan,6,9,9,2,1,3,7,6,9,2,2,3
2014-06-15_Switzerland_Ecuador,10,6,6,3,3,4,4,5,4,2,0,2
2014-06-15_France_Honduras,10,5,15,1,3,6,3,0,3,0,1,2
2014-06-15_Argentina_Bosnia and Herzegovina,10,21,9,7,2,1,0,0,0,0,0,0
2014-06-16_Germany_Portugal,10,22,10,8,0,2,10,15,8,4,3,3
2014-06-16_Iran_Nigeria,3,2,6,0,1,2,3,3,5,0,1,2
2014-06-16_Ghana_USA,9,9,10,4,2,3,7,7,11,1,3,3
2014-06-17_Belgium_Algeria,0,0,0,0,0,0,3,0,2,0,1,2
2014-06-17_Brazil_Mexico,10,21,7,7,1,2,9,10,10,3,2,4
2014-06-17_Russia_Korea Republic,8,12,11,4,1,3,4,6,8,1,1,2
2014-06-18_Australia_Netherlands,8,9,15,2,2,4,10,17,12,6,0,4
2014-06-18_Spain_Chile,10,16,6,7,2,1,5,6,6,3,0,2
2014-06-18_Cameroon_Croatia,4,2,6,0,0,4,10,12,10,4,4,2
2014-06-19_Colombia_Ivory Coast,1,3,0,1,0,0,7,11,10,3,1,3
2014-06-19_Uruguay_England,8,12,11,3,2,3,10,9,10,3,5,2
2014-06-19_Japan_Greece,8,7,11,2,2,4,10,8,18,2,1,7
2014-06-20_Honduras_Ecuador,4,0,6,0,1,3,5,6,6,2,0,3
2014-06-20_Switzerland_France,10,8,7,4,2,4,10,8,15,2,2,6
2014-06-20_Argentina_Iran,10,21,9,7,2,1,4,2,6,0,2,2
2014-06-21_Germany_Ghana,10,25,10,8,0,2,10,10,12,4,2,4
2014-06-21_Nigeria_Bosnia and Herzegovina,4,3,5,0,2,2,1,1,2,0,0,1
2014-06-21_Belgium_Russia,1,2,1,1,0,0,9,13,12,4,2,3
2014-06-22_Korea Republic_Algeria,5,7,9,1,2,2,4,1,4,0,1,3
2014-06-22_USA_Portugal,8,9,12,2,3,3,10,13,9,4,3,3
2014-06-23_Australia_Spain,9,11,18,2,2,5,10,15,8,6,2,2
2014-06-23_Netherlands_Chile,10,19,14,6,0,4,6,8,6,4,0,2
2014-06-23_Cameroon_Brazil,5,2,10,0,0,5,10,19,7,6,2,2
2014-06-23_Croatia_Mexico,10,16,10,5,3,2,10,10,10,3,3,4
2014-06-24_Italy_Uruguay,10,12,13,3,5,2,9,14,12,4,2,3
2014-06-24_Costa Rica_England,4,6,10,1,0,3,10,10,12,3,4,3
2014-06-24_Japan_Colombia,9,7,11,2,3,4,2,5,1,2,0,0
2014-06-24_Greece_Ivory Coast,10,8,17,2,2,6,8,12,12,3,1,4
2014-06-25_Nigeria_Argentina,5,4,5,1,2,2,10,16,9,7,2,1
2014-06-25_Bosnia and Herzegovina_Iran,2,1,3,0,0,2,5,2,7,0,2,3
2014-06-25_Honduras_Switzerland,5,1,8,0,1,4,10,8,12,3,2,5
2014-06-25_Ecuador_France,6,8,7,3,0,3,10,12,13,3,2,5
2014-06-26_USA_Germany,9,11,14,2,4,3,10,23,11,7,1,2
2014-06-26_Portugal_Ghana,10,15,11,4,3,3,10,12,12,4,3,3
2014-06-26_Korea Republic_Belgium,6,9,13,1,2,3,2,3,1,2,0,0
2014-06-26_Algeria_Russia,5,5,6,1,1,3,10,13,13,4,2,4
2014-06-28_Brazil_Chile,10,19,7,6,2,2,7,8,8,4,0,3
2014-06-28_Colombia_Uruguay,3,9,2,3,0,0,10,15,12,5,2,3
2014-06-29_Netherlands_Mexico,10,19,13,6,0,4,10,10,10,3,3,4
2014-06-29_Costa Rica_Greece,5,6,10,1,1,3,10,9,16,3,2,5
2014-06-30_France_Nigeria,10,12,11,3,3,4,6,6,8,1,2,3
2014-06-30_Germany_Algeria,10,20,11,7,1,2,6,6,7,1,2,3
2014-07-01_Argentina_Switzerland,10,19,11,8,1,1,10,9,12,3,2,5
2014-07-01_Belgium_USA,3,4,1,3,0,0,10,11,15,2,4,4
2014-07-04_Brazil_Colombia,10,17,8,5,3,2,4,11,2,4,0,0
2014-07-04_France_Germany,10,14,11,4,2,4,10,22,11,8,1,1
2014-07-05_Netherlands_Costa Rica,10,19,13,6,0,4,6,7,11,1,2,3
2014-07-05_Argentina_Belgium,10,18,10,8,1,1,4,6,2,4,0,0
2014-07-08_Brazil_Germany,10,19,8,6,3,1,10,20,9,8,1,1
2014-07-09_Netherlands_Argentina,10,17,12,5,1,4,10,18,9,9,0,1
2014-07-12_Brazil_Netherlands,10,18,14,5,3,2,10,14,10,4,2,4
2014-07-13_Germany_Argentina,10,26,10,8,1,1,10,17,9,8,1,1
2015-01-09_Australia_Kuwait,10,11,21,2,2,6,0,0,0,0,0,0
2015-01-09_South Korea_Oman,3,3,4,1,1,1,0,0,0,0,0,0
2015-01-10_Uzbekistan_North Korea,0,0,0,0,0,0,0,0,0,0,0,0
2015-01-10_Saudi Arabia_China,3,2,7,0,1,2,0,0,0,0,0,0
2015-01-11_Iran_Bahrain,6,3,10,0,2,4,0,0,0,0,0,0
2015-01-11_Qatar_United Arab Emirates,0,0,0,0,0,0,0,0,0,0,0,0
2015-01-12_Japan_Palestine,10,8,15,2,3,5,0,0,0,0,0,0
2015-01-12_Jordan_Iraq,0,0,0,0,0,0,0,0,0,0,0,0
2015-01-13_Kuwait_South Korea,1,1,4,0,0,1,4,4,4,2,1,1
2015-01-13_Oman_Australia,1,0,1,0,0,1,10,12,21,2,2,6
2015-01-14_North Korea_Saudi Arabia,1,0,1,0,0,1,4,2,8,0,1,3
2015-01-14_China_Uzbekistan,1,1,0,1,0,0,1,1,0,1,0,0
2015-01-15_Bahrain_Qatar,1,0,2,0,0,1,1,1,4,0,0,1
2015-01-15_United Arab Emirates_Iran,1,4,1,1,0,0,7,5,10,1,2,4
2015-01-16_Palestine_Jordan,1,0,4,0,0,1,1,0,1,0,0,1
2015-01-16_Iraq_Japan,1,1,0,1,0,0,10,11,12,3,3,4
2015-01-17_Australia_South Korea,10,16,19,3,2,5,5,5,4,3,1,1
2015-01-17_Kuwait_Oman,2,1,5,0,0,2,2,0,5,0,0,2
2015-01-18_Uzbekistan_Saudi Arabia,2,2,2,1,0,1,5,6,9,1,1,3
2015-01-18_China_North Korea,2,3,1,2,0,0,2,1,5,0,0,2
2015-01-19_Iran_United Arab Emirates,8,6,10,2,2,4,2,4,2,1,0,1
2015-01-19_Qatar_Bahrain,2,3,5,1,0,1,2,1,4,0,0,2
2015-01-20_Japan_Iraq,10,12,14,3,2,5,2,3,1,2,0,0
2015-01-20_Jordan_Palestine,2,5,2,1,0,1,2,1,9,0,0,2
2015-01-20_South Korea_Uzbekistan,6,6,4,4,1,1,3,5,3,2,0,1
2015-01-20_China_Australia,3,5,2,3,0,0,10,14,18,3,1,6
2015-01-21_Iran_Iraq,9,7,10,3,2,4,3,3,3,2,0,1
2015-01-21_Japan_United Arab Emirates,10,13,10,4,2,4,3,4,3,1,0,2
2015-01-22_Uzbekistan_South Korea,4,5,3,2,1,1,7,6,4,4,2,1
2015-01-22_Australia_China,10,16,17,4,1,5,4,5,4,3,0,1
2015-01-23_Iraq_Iran,4,4,4,2,1,1,10,8,11,3,3,4
2015-01-23_United Arab Emirates_Japan,4,5,4,1,1,2,10,13,11,3,3,4
2015-01-26_Korea Republic_Iraq,7,9,14,1,2,4,5,5,5,2,2,1
2015-01-27_Australia_United Arab Emirates,10,18,13,5,1,4,5,6,5,1,2,2
2015-01-30_Iraq_United Arab Emirates,6,5,7,2,2,2,6,6,7,1,2,3
2015-01-31_Korea Republic_Australia,8,11,14,2,2,4,10,19,12,6,0,4
2015-06-11_Chile_Ecuador,8,9,9,4,1,3,7,8,7,3,1,3
2015-06-12_Mexico_Bolivia,10,11,12,3,2,5,0,0,0,0,0,0
2015-06-13_Uruguay_Jamaica,10,15,14,5,1,4,0,0,0,0,0,0
2015-06-13_Argentina_Paraguay,10,13,9,7,1,2,8,5,4,2,3,3
2015-06-14_Colombia_Venezuela,5,12,4,4,0,1,0,0,0,0,0,0
2015-06-14_Brazil_Peru,10,15,16,4,3,3,0,0,0,0,0,0
2015-06-16_Chile_Mexico,9,11,9,5,1,3,10,10,10,3,3,4
2015-06-17_Ecuador_Bolivia,8,8,9,3,1,4,1,0,0,0,1,0
2015-06-17_Argentina_Uruguay,10,13,11,6,2,2,10,13,14,5,1,4
2015-06-18_Paraguay_Jamaica,9,7,6,2,4,3,1,0,1,0,0,1
2015-06-19_Brazil_Colombia,10,17,17,5,2,3,6,12,5,4,0,2
2015-06-19_Peru_Venezuela,1,1,2,0,0,1,1,1,0,1,0,0
2015-06-20_Mexico_Ecuador,10,12,11,3,4,3,9,10,12,3,1,5
2015-06-21_Chile_Bolivia,10,14,12,5,2,3,2,3,2,1,1,0
2015-06-21_Uruguay_Paraguay,10,12,15,4,1,5,10,8,6,3,4,3
2015-06-22_Jamaica_Argentina,2,0,2,0,0,2,10,11,10,6,2,2
2015-06-23_Colombia_Peru,7,13,5,5,0,2,2,2,2,1,0,1
2015-06-23_Venezuela_Brazil,2,1,1,1,0,1,10,14,18,4,2,4
2015-06-24_Chile_Uruguay,10,18,12,5,2,3,10,11,15,3,2,5
2015-06-25_Bolivia_Peru,3,3,7,1,1,1,3,2,2,1,1,1
2015-06-26_Argentina_Colombia,10,12,6,7,2,1,8,13,5,5,1,2
2015-06-27_Brazil_Paraguay,10,15,17,5,2,3,10,9,6,3,5,2
2015-06-30_Chile_Peru,10,18,12,5,2,3,4,5,3,2,1,1
2015-07-01_Argentina_Paraguay,10,10,5,6,3,1,10,10,6,3,6,1
2015-07-03_Peru_Paraguay,5,6,5,2,1,2,10,9,12,2,6,2
2015-07-04_Chile_Argentina,10,19,11,6,2,2,10,15,6,6,3,1
2016-06-10_France_Romania,10,14,10,4,2,4,3,1,3,0,2,1
2016-06-11_Albania_Switzerland,0,0,0,0,0,0,10,9,13,3,1,6
2016-06-11_Wales_Slovakia,0,0,0,0,0,0,4,5,7,1,1,2
2016-06-11_England_Russia,10,9,11,3,4,3,10,13,10,4,3,3
2016-06-12_Poland_Northern Ireland,9,5,11,1,3,5,0,0,0,0,0,0
2016-06-12_Germany_Ukraine,10,25,9,8,1,1,8,7,11,3,1,4
2016-06-12_Turkey_Croatia,5,8,9,2,1,2,10,15,11,5,2,3
2016-06-12_Spain_Czech Republic,10,17,8,6,2,2,10,11,16,4,0,6
2016-06-13_Ireland_Sweden,3,1,9,0,0,3,10,11,13,3,2,5
2016-06-13_Belgium_Italy,5,6,3,4,0,1,10,11,13,3,4,3
2016-06-13_Austria_Hungary,3,1,3,0,1,2,0,0,0,0,0,0
2016-06-13_Portugal_Iceland,10,10,12,4,3,3,0,0,0,0,0,0
2016-06-14_Russia_Slovakia,10,13,11,3,4,3,5,6,9,1,1,3
2016-06-14_Romania_Switzerland,4,2,5,0,2,2,10,10,12,4,1,5
2016-06-15_France_Albania,10,15,9,5,2,3,1,0,1,0,0,1
2016-06-15_England_Wales,10,10,12,3,4,3,1,2,1,1,0,0
2016-06-15_Ukraine_Northern Ireland,9,7,13,3,1,5,1,0,1,0,0,1
2016-06-16_Germany_Poland,10,25,8,8,1,1,10,6,11,2,3,5
2016-06-16_Italy_Sweden,10,12,12,4,3,3,10,12,14,3,2,5
2016-06-16_Czech Republic_Croatia,10,8,17,3,0,7,10,15,11,5,2,3
2016-06-16_Spain_Turkey,10,17,8,6,2,2,6,8,10,2,1,3
2016-06-17_Belgium_Ireland,6,6,5,4,0,2,4,2,10,0,1,3
2016-06-17_Iceland_Hungary,1,1,1,0,1,0,1,2,0,1,0,0
2016-06-17_Portugal_Austria,10,11,13,4,3,3,4,1,5,0,1,3
2016-06-18_Switzerland_France,10,10,11,4,2,4,10,16,8,6,1,3
2016-06-18_Romania_Albania,5,3,6,0,3,2,2,0,3,0,0,2
2016-06-19_Slovakia_England,6,8,10,2,1,3,10,11,13,3,4,3
2016-06-20_Russia_Wales,10,12,13,2,4,4,2,3,3,1,0,1
2016-06-20_Northern Ireland_Germany,2,2,1,1,0,1,10,21,6,7,2,1
2016-06-21_Ukraine_Poland,10,7,15,3,1,6,10,6,9,2,4,4
2016-06-21_Croatia_Spain,10,15,12,4,3,3,10,19,7,7,1,2
2016-06-21_Czech Republic_Turkey,10,10,17,3,1,6,7,8,13,2,1,4
2016-06-22_Hungary_Portugal,2,3,1,1,1,0,10,11,12,4,4,2
2016-06-22_Iceland_Austria,2,2,2,0,2,0,5,1,5,0,2,3
2016-06-22_Italy_Ireland,10,11,9,5,3,2,5,2,13,0,1,4
2016-06-22_Sweden_Belgium,10,11,15,2,2,6,7,9,5,5,0,2
2016-06-25_Switzerland_Poland,10,10,9,4,3,3,10,7,8,3,4,3
2016-06-25_Wales_Northern Ireland,3,6,3,2,0,1,3,2,2,1,0,2
2016-06-25_Croatia_Portugal,10,16,13,4,3,3,10,14,14,4,5,1
2016-06-25_France_Ireland,10,14,8,5,2,3,6,3,13,1,1,4
2016-06-26_Germany_Slovakia,10,21,4,8,2,0,7,8,10,2,2,3
2016-06-26_Hungary_Belgium,3,6,4,1,2,0,8,10,5,6,0,2
2016-06-26_Italy_Spain,10,10,9,5,2,3,10,16,9,6,1,3
2016-06-27_England_Iceland,10,10,9,3,5,2,3,4,3,1,2,0
2016-07-01_Poland_Portugal,10,6,8,2,5,3,10,11,12,3,6,1
2016-07-01_Wales_Belgium,4,7,3,3,0,1,9,14,5,7,0,2
2016-07-02_Germany_Italy,10,20,4,8,2,0,10,11,8,6,1,3
2016-07-03_France_Iceland,10,16,7,6,2,2,4,6,4,2,2,0
2016-07-06_Portugal_Wales,10,10,12,2,7,1,5,10,4,4,0,1
2016-07-07_Germany_France,10,19,3,8,2,0,10,21,7,7,2,1
2016-07-10_Portugal_France,10,11,12,2,7,1,10,20,7,7,2,1
AFCON2017_2017-01-14_Gabon_Guinea-Bissau,0,0,0,0,0,0,0,0,0,0,0,0
AFCON2017_2017-01-14_Burkina_Faso_Cameroon,0,0,0,0,0,0,6,3,14,0,0,6
AFCON2017_2017-01-15_Algeria_Zimbabwe,7,7,9,1,2,4,0,0,0,0,0,0
AFCON2017_2017-01-15_Tunisia_Senegal,3,3,6,0,1,2,0,0,0,0,0,0
AFCON2017_2017-01-16_Ivory_Coast_Togo,9,13,14,3,1,5,3,1,6,0,0,3
AFCON2017_2017-01-16_DR_Congo_Morocco,0,0,0,0,0,0,0,0,0,0,0,0
AFCON2017_2017-01-17_Ghana_Uganda,10,11,14,3,3,4,0,0,0,0,0,0
AFCON2017_2017-01-17_Mali_Egypt,0,0,0,0,0,0,0,0,0,0,0,0
AFCON2017_2017-01-18_Gabon_Burkina_Faso,1,1,1,0,1,0,1,1,1,0,1,0
AFCON2017_2017-01-18_Cameroon_Guinea-Bissau,7,4,15,0,1,6,1,1,1,0,1,0
AFCON2017_2017-01-19_Algeria_Tunisia,8,9,11,1,3,4,4,3,8,0,1,3
AFCON2017_2017-01-19_Senegal_Zimbabwe,1,2,0,1,0,0,1,2,2,0,1,0
AFCON2017_2017-01-20_Ivory_Coast_DR_Congo,10,13,14,3,2,5,1,1,0,1,0,0
AFCON2017_2017-01-20_Morocco_Togo,1,0,1,0,0,1,4,1,6,0,1,3
AFCON2017_2017-01-21_Ghana_Mali,10,10,13,3,3,4,1,0,0,0,1,0
AFCON2017_2017-01-21_Egypt_Uganda,1,0,0,0,1,0,1,0,1,0,0,1
AFCON2017_2017-01-22_Cameroon_Gabon,8,6,16,1,1,6,2,2,2,0,2,0
AFCON2017_2017-01-22_Guinea-Bissau_Burkina_Faso,2,2,3,0,1,1,2,2,2,0,2,0
AFCON2017_2017-01-23_Senegal_Algeria,2,4,0,2,0,0,9,10,13,1,3,5
AFCON2017_2017-01-23_Zimbabwe_Tunisia,2,2,4,0,1,1,5,5,9,1,1,3
AFCON2017_2017-01-24_Morocco_Ivory_Coast,2,3,2,1,0,1,10,14,14,3,3,4
AFCON2017_2017-01-24_Togo_DR_Congo,5,2,9,0,1,4,2,3,2,1,1,0
AFCON2017_2017-01-25_Egypt_Ghana,2,1,0,1,1,0,10,11,10,4,3,3
AFCON2017_2017-01-25_Uganda_Mali,2,0,2,0,0,2,2,0,1,0,1,1
AFCON2017_2017-01-28_Burkina_Faso_Tunisia,3,4,2,1,2,0,6,9,11,2,1,3
AFCON2017_2017-01-28_Senegal_Cameroon,3,6,2,2,1,0,9,6,16,1,2,6
AFCON2017_2017-01-29_DR_Congo_Ghana,3,6,3,2,1,0,10,10,11,3,3,4
AFCON2017_2017-01-29_Egypt_Morocco,3,2,0,2,1,0,3,4,2,2,0,1
AFCON2017_2017-02-01_Burkina_Faso_Egypt,4,6,2,2,2,0,4,3,0,3,1,0
AFCON2017_2017-02-02_Cameroon_Ghana,10,6,16,1,3,6,10,11,11,4,2,4
AFCON2017_2017-02-04_Burkina_Faso_Ghana,5,7,3,2,3,0,10,11,12,4,2,4
AFCON2017_2017-02-05_Egypt_Cameroon,5,4,1,3,2,0,10,8,15,2,3,5
2018-06-14_Russia_Saudi Arabia,10,9,15,1,4,5,6,7,12,1,1,4
2018-06-15_Egypt_Uruguay,6,5,3,3,2,1,10,10,15,3,1,6
2018-06-15_Morocco_Iran,4,4,3,2,0,2,10,8,9,3,4,3
2018-06-15_Portugal_Spain,10,12,12,3,6,1,10,15,11,5,1,4
2018-06-16_France_Australia,10,15,6,6,2,2,10,19,12,6,0,4
2018-06-16_Argentina_Iceland,10,12,4,5,4,1,5,8,9,2,2,1
2018-06-16_Peru_Denmark,6,8,5,3,1,2,6,7,11,2,0,4
2018-06-16_Croatia_Nigeria,10,15,12,4,3,3,7,6,10,1,2,4
2018-06-17_Costa Rica_Serbia,7,7,11,1,3,3,3,2,3,1,0,2
2018-06-17_Germany_Mexico,10,18,5,7,2,1,10,12,12,3,3,4
2018-06-17_Brazil_Switzerland,10,13,17,4,3,3,10,10,10,3,4,3
2018-06-17_Sweden_Korea Republic,10,9,14,2,1,7,9,12,16,2,2,5
2018-06-18_Belgium_Panama,10,15,8,7,0,3,0,0,0,0,0,0
2018-06-18_Tunisia_England,7,9,13,2,1,4,10,10,10,3,4,3
2018-06-18_Colombia_Japan,9,13,5,5,2,2,10,14,11,3,4,3
2018-06-18_Poland_Senegal,10,7,7,2,6,2,4,6,2,2,2,0
2018-06-19_Russia_Egypt,10,14,12,2,4,4,7,5,4,3,2,2
2018-06-19_Portugal_Morocco,10,15,11,3,7,0,5,4,4,2,0,3
2018-06-19_Uruguay_Saudi Arabia,10,9,12,4,1,5,7,7,17,1,1,5
2018-06-19_Iran_Spain,10,9,7,4,4,2,10,16,14,4,2,4
2018-06-20_Denmark_Australia,7,8,11,3,0,4,10,19,11,6,0,4
2018-06-20_France_Peru,10,17,7,7,1,2,7,8,6,3,1,3
2018-06-20_Argentina_Croatia,10,12,5,4,5,1,10,14,11,4,3,3
2018-06-21_Brazil_Costa Rica,10,14,18,4,3,3,8,7,12,1,3,4
2018-06-21_Nigeria_Iceland,8,6,12,1,2,5,6,9,10,2,3,1
2018-06-21_Serbia_Switzerland,4,3,3,2,0,2,10,11,10,3,5,2
2018-06-21_Korea Republic_Mexico,10,12,17,2,2,6,10,11,12,3,3,4
2018-06-22_Germany_Sweden,10,16,5,6,2,2,10,10,12,3,1,6
2018-06-22_Belgium_Tunisia,10,16,7,7,0,3,8,10,15,2,1,5
2018-06-22_England_Panama,10,9,9,3,4,3,1,0,3,0,0,1
2018-06-23_Japan_Senegal,10,13,11,3,4,3,5,8,3,3,2,0
2018-06-23_Poland_Colombia,10,7,8,2,5,3,10,14,7,5,2,3
2018-06-23_Uruguay_Russia,10,8,9,5,1,4,10,13,12,2,4,4
2018-06-25_Saudi Arabia_Egypt,8,7,18,1,1,6,8,6,7,3,2,3
2018-06-25_Spain_Morocco,10,17,14,5,1,4,6,4,5,2,0,4
2018-06-25_Iran_Portugal,10,8,7,4,3,3,10,14,9,4,6,0
2018-06-25_Australia_Peru,10,18,9,6,1,3,8,8,7,3,1,4
2018-06-25_Denmark_France,8,9,12,3,1,4,10,16,7,7,1,2
2018-06-26_Nigeria_Argentina,9,8,12,2,2,5,10,11,8,3,5,2
2018-06-26_Iceland_Croatia,7,9,12,2,3,2,10,16,10,5,2,3
2018-06-26_Korea Republic_Germany,10,11,19,1,2,7,10,17,6,6,2,2
2018-06-26_Mexico_Sweden,10,13,12,4,3,3,10,9,14,2,1,7
2018-06-26_Serbia_Brazil,5,4,5,2,0,3,10,12,17,4,3,3
2018-06-27_Switzerland_Costa Rica,10,13,11,4,4,2,9,7,14,1,3,5
2018-06-27_Japan_Poland,10,15,13,3,4,3,10,7,10,2,5,3
2018-06-27_Senegal_Colombia,6,10,5,3,3,0,10,14,7,5,2,3
2018-06-27_England_Belgium,10,14,10,3,4,3,10,20,9,7,0,3
2018-06-27_Panama_Tunisia,2,1,9,0,0,2,9,12,20,2,1,6
2018-06-30_France_Argentina,10,16,6,7,2,1,10,13,9,4,4,2
2018-07-01_Uruguay_Portugal,10,10,6,6,1,3,10,13,9,3,7,0
2018-07-01_Spain_Russia,10,15,16,4,2,4,10,12,14,2,3,5
2018-07-01_Croatia_Denmark,10,18,10,6,2,2,9,9,12,3,2,4
2018-07-02_Brazil_Mexico,10,13,16,5,2,3,10,12,12,4,3,3
2018-07-02_Belgium_Japan,10,20,9,7,0,3,10,14,12,3,4,3
2018-07-03_Sweden_Switzerland,10,11,12,3,1,6,10,13,12,3,5,2
2018-07-03_Colombia_England,10,13,6,5,2,3,10,14,11,3,3,4
2018-07-06_Uruguay_France,10,10,6,6,1,3,10,18,8,7,2,1
2018-07-06_Brazil_Belgium,10,13,15,5,2,3,10,21,10,7,0,3
2018-07-07_Sweden_England,10,12,10,4,1,5,10,14,10,3,4,3
2018-07-07_Russia_Croatia,10,13,14,2,4,4,10,18,8,6,3,1
2018-07-10_France_Belgium,10,18,8,7,2,1,10,23,10,8,0,2
2018-07-11_Croatia_England,10,16,10,5,4,1,10,15,8,4,4,2
2018-07-14_Belgium_England,10,23,9,8,0,2,10,16,10,4,3,3
2018-07-15_France_Croatia,10,19,8,8,1,1,10,17,8,6,4,0
2018-09-06_Germany_France,10,10,7,5,2,3,10,21,9,8,1,1
2018-09-07_Czech Republic_Ukraine,10,10,17,3,1,6,10,7,12,3,1,6
2018-09-07_Wales_Republic of Ireland,6,10,6,4,0,2,0,0,0,0,0,0
2018-09-08_England_Spain,10,15,11,4,2,4,10,15,12,4,3,3
2018-09-08_Italy_Poland,10,10,9,5,2,3,10,7,9,3,4,3
2018-09-08_Portugal_Italy,10,13,10,3,6,1,10,10,9,5,2,3
2018-09-09_Netherlands_Peru,10,17,9,5,2,3,9,10,7,4,1,4
2018-09-09_Switzerland_Iceland,10,11,8,3,5,2,8,10,14,2,3,3
2018-09-10_Spain_Croatia,10,17,11,5,3,2,10,18,12,5,4,1
2018-09-11_England_Switzerland,10,14,12,3,2,5,10,10,8,3,5,2
2018-10-11_Poland_Portugal,10,7,9,3,4,3,10,14,10,4,5,1
2018-10-11_Republic of Ireland_Denmark,1,0,1,0,0,1,10,10,13,3,3,4
2018-10-12_Croatia_England,10,16,16,5,3,2,10,15,12,4,1,5
2018-10-12_Belgium_Switzerland,10,22,9,8,0,2,10,10,8,3,5,2
2018-10-12_Netherlands_Germany,10,19,9,6,2,2,10,9,7,4,3,3
2018-10-13_France_Netherlands,10,16,7,7,2,1,10,21,7,7,2,1
2018-10-14_England_Spain,10,14,10,4,2,4,10,20,11,5,3,2
2018-10-14_Poland_Italy,10,9,11,3,4,3,10,9,10,4,2,4
2018-10-15_Spain_England,10,21,14,4,3,3,10,15,11,4,2,4
2018-10-15_Belgium_Iceland,10,23,10,8,0,2,9,10,16,2,3,4
2018-10-16_Germany_France,10,7,10,3,3,4,10,16,8,7,2,1
2018-10-16_Ukraine_Czech Republic,10,5,13,3,1,6,10,10,19,2,1,7
2018-11-15_Belgium_Iceland,10,21,10,8,0,2,10,10,18,2,3,5
2018-11-15_Croatia_Spain,10,14,15,4,4,2,10,20,17,3,3,4
2018-11-15_Poland_Czech Republic,10,8,12,2,4,4,10,9,17,2,1,7
2018-11-16_Netherlands_France,10,21,7,7,2,1,10,18,8,8,2,0
2018-11-17_Italy_Poland,10,10,6,5,2,3,10,8,13,2,3,5
2018-11-17_England_Croatia,10,12,12,4,2,4,10,17,17,5,3,2
2018-11-18_Portugal_Italy,10,14,9,5,4,1,10,9,6,4,3,3
2018-11-18_Switzerland_Belgium,10,10,10,2,5,3,10,22,7,9,0,1
2018-11-19_France_Netherlands,10,16,9,7,2,1,10,18,6,7,2,1
2018-11-20_Germany_Netherlands,10,8,12,3,2,5,10,17,4,7,2,1
2018-11-20_Iceland_Belgium,10,9,19,2,2,6,10,21,12,8,0,2
2018-11-20_Spain_Bosnia,10,21,18,3,3,4,0,0,0,0,0,0
2018-11-20_Wales_Denmark,7,11,6,5,0,2,10,10,11,3,4,3
2019-01-05_United Arab Emirates_Bahrain,7,9,9,2,2,3,3,3,5,1,0,2
2019-01-05_Thailand_India,0,0,0,0,0,0,0,0,0,0,0,0
2019-01-06_Australia_Jordan,10,18,8,6,1,3,3,5,2,1,1,1
2019-01-06_Syria_Palestine,0,0,0,0,0,0,3,1,9,0,1,2
2019-01-07_China_Kyrgyzstan,5,5,6,3,0,2,0,0,0,0,0,0
2019-01-07_South Korea_Philippines,8,6,4,4,3,1,0,0,0,0,0,0
2019-01-07_Iran_Yemen,10,9,8,4,3,3,0,0,0,0,0,0
2019-01-07_Iraq_Vietnam,7,7,10,2,2,3,0,0,0,0,0,0
2019-01-08_Saudi Arabia_North Korea,9,9,19,2,1,6,3,2,7,0,0,3
2019-01-08_Qatar_Lebanon,3,4,7,1,0,2,0,0,0,0,0,0
2019-01-09_Japan_Turkmenistan,10,16,15,3,3,4,0,0,0,0,0,0
2019-01-09_Uzbekistan_Oman,5,5,3,2,2,1,3,1,5,1,0,2
2019-01-10_Bahrain_Thailand,4,4,6,1,1,2,1,1,4,0,0,1
2019-01-10_India_United Arab Emirates,1,4,1,1,0,0,8,10,10,2,3,3
2019-01-11_Jordan_Syria,4,6,2,2,1,1,1,0,0,0,1,0
2019-01-11_Palestine_Australia,4,1,9,0,2,2,10,14,8,5,1,4
2019-01-11_Kyrgyzstan_Philippines,1,1,2,0,0,1,1,0,1,0,0,1
2019-01-11_South Korea_China,9,7,4,5,3,1,6,7,7,4,0,2
2019-01-12_Vietnam_Iran,1,2,3,0,0,1,10,14,7,5,3,2
2019-01-12_Yemen_Iraq,1,0,5,0,0,1,8,10,12,3,2,3
2019-01-13_Lebanon_Saudi Arabia,1,0,2,0,0,1,10,13,19,3,1,6
2019-01-13_North Korea_Qatar,4,2,11,0,0,4,4,6,7,2,0,2
2019-01-14_Oman_Japan,4,2,7,1,0,3,10,18,13,4,3,3
2019-01-14_Turkmenistan_Uzbekistan,1,2,3,0,0,1,6,7,4,3,2,1
2019-01-15_United Arab Emirates_Thailand,9,12,10,3,3,3,2,2,4,1,0,1
2019-01-15_India_Bahrain,2,4,3,1,0,1,5,4,7,1,1,3
2019-01-16_Australia_Syria,10,13,8,5,1,4,2,2,2,0,2,0
2019-01-16_Palestine_Jordan,5,1,12,0,2,3,5,8,4,2,2,1
2019-01-16_South Korea_Kyrgyzstan,10,7,4,5,4,1,2,2,3,0,1,1
2019-01-16_China_Philippines,7,7,7,4,1,2,2,1,2,0,1,1
2019-01-16_Vietnam_Yemen,2,2,5,0,0,2,2,0,8,0,0,2
2019-01-16_Iran_Iraq,10,15,4,6,3,1,9,13,12,4,2,3
2019-01-17_Saudi Arabia_Qatar,10,13,17,4,0,6,5,12,7,3,0,2
2019-01-17_Lebanon_North Korea,2,0,4,0,0,2,5,2,17,0,0,5
2019-01-17_Japan_Uzbekistan,10,15,13,4,3,3,7,11,4,4,2,1
2019-01-17_Oman_Turkmenistan,5,2,8,1,0,4,2,2,7,0,0,2
2019-01-20_Jordan_Vietnam,6,8,4,2,3,1,3,4,5,1,0,2
2019-01-20_Thailand_China,3,3,5,1,1,1,8,10,7,5,1,2
2019-01-20_Iran_Oman,10,13,4,5,4,1,6,5,9,2,0,4
2019-01-20_Japan_Saudi Arabia,10,16,12,5,3,2,10,13,15,4,0,6
2019-01-21_Australia_Uzbekistan,10,16,9,6,1,3,8,12,6,4,2,2
2019-01-21_South Korea_Bahrain,10,6,3,5,4,1,6,5,7,2,1,3
2019-01-21_Qatar_Iraq,6,14,7,4,0,2,10,13,12,4,3,3
2019-01-21_United Arab Emirates_Kyrgyzstan,10,13,11,3,4,3,3,2,4,0,1,2
2019-01-24_Vietnam_Japan,4,5,6,1,1,2,10,15,12,5,3,2
2019-01-24_South Korea_Qatar,10,7,3,6,3,1,7,15,7,5,0,2
2019-01-24_China_Iran,9,12,8,6,1,2,10,14,4,5,4,1
2019-01-25_Australia_United Arab Emirates,10,14,9,5,2,3,10,12,12,3,4,3
2019-01-28_Qatar_United Arab Emirates,8,16,7,6,0,2,10,12,12,3,4,3
2019-01-28_Iran_Japan,10,16,4,5,4,1,10,15,11,6,2,2
2019-02-01_Japan_Qatar,10,17,10,7,1,2,9,20,7,7,0,2
2019-02-01_Iran_United Arab Emirates,10,15,6,5,3,2,10,12,15,3,4,3
2019-06-05_Portugal_Switzerland,10,14,9,5,4,1,10,14,11,3,4,3
2019-06-05_Netherlands_England,10,17,6,6,3,1,10,14,12,5,2,3
2019-06-09_Portugal_Netherlands,10,16,9,6,3,1,10,18,6,6,3,1
2019-06-14_Brazil_Bolivia,10,13,10,5,2,3,4,4,10,1,1,2
2019-06-15_Venezuela_Peru,3,2,3,1,0,2,10,11,9,4,1,5
2019-06-15_Argentina_Colombia,10,16,12,4,4,2,10,10,6,4,3,3
2019-06-15_Paraguay_Qatar,10,8,13,2,5,3,10,23,8,8,0,2
2019-06-16_Uruguay_Ecuador,10,9,8,5,1,4,10,12,13,4,1,5
2019-06-16_Japan_Chile,10,16,12,6,1,3,10,19,8,6,3,1
2019-06-17_Brazil_Venezuela,10,16,7,6,2,2,4,2,3,1,1,2
2019-06-17_Bolivia_Peru,5,4,13,1,1,3,10,10,7,4,2,4
2019-06-18_Argentina_Paraguay,10,14,12,4,3,3,10,8,15,1,6,3
2019-06-18_Colombia_Qatar,10,10,6,4,3,3,10,24,6,8,1,1
2019-06-19_Uruguay_Japan,10,13,6,6,1,3,10,14,14,6,0,4
2019-06-19_Ecuador_Chile,10,10,17,3,1,6,10,20,7,6,3,1
2019-06-20_Brazil_Peru,10,14,6,5,3,2,10,12,8,4,2,4
2019-06-20_Bolivia_Venezuela,6,5,16,1,1,4,5,2,3,1,2,2
2019-06-21_Colombia_Paraguay,10,10,4,5,3,2,10,9,16,1,6,3
2019-06-21_Argentina_Qatar,10,14,13,3,4,3,10,22,6,7,1,2
2019-06-21_Egypt_Zimbabwe,9,7,9,3,2,4,3,4,8,0,1,2
2019-06-21_DR Congo_Uganda,4,7,5,2,1,1,3,1,3,0,1,2
2019-06-22_Chile_Uruguay,10,20,8,6,3,1,10,14,8,5,2,3
2019-06-22_Ecuador_Japan,10,8,19,2,1,7,10,16,15,6,1,3
2019-06-22_Brazil_Paraguay,10,19,5,6,3,1,10,9,17,1,5,4
2019-06-22_Venezuela_Argentina,6,5,4,2,2,2,10,15,13,3,4,3
2019-06-22_Nigeria_Burundi,10,9,14,2,2,6,0,0,0,0,0,0
2019-06-22_Guinea_Madagascar,0,0,0,0,0,0,0,0,0,0,0,0
2019-06-22_Senegal_Tanzania,7,10,6,3,3,1,0,0,0,0,0,0
2019-06-22_Algeria_Kenya,10,12,15,1,4,5,0,0,0,0,0,0
2019-06-23_Colombia_Chile,10,11,3,6,3,1,10,20,7,6,3,1
2019-06-23_Uruguay_Peru,10,15,7,6,2,2,10,12,13,4,1,5
2019-06-23_Morocco_Namibia,7,6,7,2,1,4,0,0,0,0,0,0
2019-06-23_Ivory Coast_South Africa,10,13,13,3,3,4,3,3,5,1,1,1
2019-06-23_Tunisia_Angola,10,14,21,3,1,6,3,1,2,0,2,1
2019-06-23_Mali_Mauritania,3,1,2,0,2,1,0,0,0,0,0,0
2019-06-24_Cameroon_Guinea-Bissau,10,9,14,3,3,4,3,2,5,0,1,2
2019-06-24_Ghana_Benin,10,9,12,3,2,5,0,0,0,0,0,0
2019-06-25_Zimbabwe_DR Congo,4,4,9,0,1,3,5,7,7,2,1,2
2019-06-25_Uganda_Egypt,4,3,3,1,1,2,10,8,9,4,2,4
2019-06-26_Nigeria_Guinea,10,10,13,3,2,5,1,2,2,0,1,0
2019-06-26_Madagascar_Burundi,1,2,2,0,1,0,1,0,1,0,0,1
2019-06-26_Senegal_Algeria,8,12,6,4,3,1,10,14,14,2,4,4
2019-06-26_Kenya_Tanzania,1,0,2,0,0,1,1,0,2,0,0,1
2019-06-27_Brazil_Argentina,10,17,4,5,4,1,10,17,13,4,3,3
2019-06-27_Morocco_Ivory Coast,8,7,7,3,1,4,10,11,11,3,3,4
2019-06-27_South Africa_Namibia,4,3,6,1,1,2,1,0,1,0,0,1
2019-06-27_Tunisia_Mali,10,13,20,3,1,6,4,5,3,1,2,1
2019-06-27_Mauritania_Angola,1,1,4,0,0,1,4,2,3,0,3,1
2019-06-28_Peru_Chile,10,9,12,3,2,5,10,19,6,6,3,1
2019-06-28_Cameroon_Ghana,10,10,12,4,3,3,10,10,13,3,2,5
2019-06-28_Benin_Guinea-Bissau,1,2,2,0,1,0,4,2,7,0,1,3
2019-06-29_Uganda_Zimbabwe,5,3,5,1,1,3,5,4,13,0,1,4
2019-06-29_Egypt_DR Congo,10,10,9,5,1,4,6,11,7,3,1,2
2019-06-30_Madagascar_Nigeria,2,3,2,1,1,0,10,10,11,4,2,4
2019-06-30_Burundi_Guinea,2,0,2,0,0,2,2,2,3,0,1,1
2019-06-30_Tanzania_Senegal,2,2,5,0,0,2,9,12,7,4,3,2
2019-06-30_Kenya_Algeria,2,3,4,1,0,1,10,15,14,3,3,4
2019-07-01_Namibia_Ivory Coast,2,0,2,0,0,2,10,11,12,3,2,5
2019-07-01_South Africa_Morocco,5,4,6,2,1,2,9,8,7,4,1,4
2019-07-01_Angola_Mali,5,2,3,0,4,1,5,6,4,1,3,1
2019-07-01_Mauritania_Tunisia,2,1,4,0,1,1,10,13,18,3,2,5
2019-07-02_Guinea-Bissau_Ghana,5,2,7,0,2,3,10,9,13,3,2,5
2019-07-02_Benin_Cameroon,2,2,2,0,2,0,10,12,11,5,3,2
2019-07-05_Morocco_Benin,10,9,7,5,1,4,3,2,2,0,3,0
2019-07-05_Uganda_Senegal,6,4,6,1,2,3,10,14,7,5,3,2
2019-07-06_Argentina_Chile,10,11,14,3,3,4,10,17,9,5,3,2
2019-07-06_Nigeria_Cameroon,10,8,11,4,1,5,10,12,7,5,4,1
2019-07-06_Egypt_South Africa,10,11,9,5,1,4,6,4,7,2,1,3
2019-07-07_Brazil_Peru,10,18,3,6,3,1,10,11,10,4,2,4
2019-07-07_Madagascar_DR Congo,3,5,2,2,1,0,7,11,9,3,1,3
2019-07-07_Algeria_Guinea,10,17,13,4,3,3,3,4,3,1,1,1
2019-07-07_Mali_Ivory Coast,6,7,4,2,3,1,10,14,10,4,2,4
2019-07-07_Tunisia_Ghana,10,13,17,3,3,4,10,9,11,4,1,5
2019-07-10_Senegal_Benin,10,13,7,5,3,2,4,3,3,0,4,0
2019-07-10_Nigeria_South Africa,10,11,13,5,0,5,7,5,7,3,1,3
2019-07-11_Madagascar_Algeria,4,7,4,2,2,0,10,19,11,5,3,2
2019-07-11_Ivory Coast_Tunisia,10,12,10,4,2,4,10,14,16,3,4,3
2019-07-14_Senegal_Tunisia,10,12,7,5,3,2,10,13,16,2,5,3
2019-07-14_Algeria_Nigeria,10,16,10,4,4,2,10,12,14,5,0,5
2019-07-17_Tunisia_Nigeria,10,9,15,1,5,4,10,11,13,5,0,5
2019-07-19_Senegal_Algeria,10,11,5,6,2,2,10,17,10,5,3,2
2020-09-03_Germany_Spain,10,9,14,2,3,5,10,22,16,4,3,3
2020-09-03_Italy_Bosnia,10,9,5,4,4,2,1,0,1,0,0,1
2020-09-03_Netherlands_Poland,10,18,7,6,2,2,10,8,14,1,4,5
2020-09-05_Spain_Ukraine,10,20,14,4,3,3,10,5,13,3,1,6
2020-09-05_France_Sweden,10,15,11,6,2,2,10,11,10,4,1,5
2020-09-06_England_Iceland,10,14,14,5,1,4,10,8,20,2,1,7
2020-09-06_Belgium_Denmark,10,18,10,8,0,2,10,10,11,3,4,3
2020-09-06_Portugal_Croatia,10,15,9,6,3,1,10,16,19,4,3,3
2020-09-07_Netherlands_Italy,10,19,7,7,1,2,10,8,6,3,5,2
2020-09-07_Bosnia_Poland,2,1,2,0,1,1,10,7,14,1,3,6
2020-09-08_Spain_Germany,10,23,14,4,3,3,10,7,15,1,4,5
2020-09-08_Ukraine_Switzerland,10,5,17,3,0,7,10,15,14,3,3,4
2020-09-08_France_Croatia,10,16,11,7,1,2,10,14,23,3,3,4
2020-09-08_Portugal_Sweden,10,18,10,6,3,1,10,9,8,4,1,5
2020-09-08_Denmark_England,10,9,10,3,4,3,10,12,15,4,1,5
2020-09-08_Belgium_Iceland,10,19,10,8,0,2,10,7,19,2,1,7
2020-10-10_England_Belgium,10,11,13,4,2,4,10,21,9,8,0,2
2020-10-10_Iceland_Denmark,10,6,23,1,1,8,10,8,10,2,5,3
2020-10-10_Spain_Netherlands,10,27,12,5,2,3,10,16,8,6,1,3
2020-10-10_Poland_Italy,10,8,14,2,2,6,10,8,6,3,5,2
2020-10-11_Ukraine_Germany,10,7,15,4,0,6,10,6,20,1,3,6
2020-10-11_Switzerland_Spain,10,15,15,3,2,5,10,27,11,6,1,3
2020-10-11_Croatia_Sweden,10,14,22,3,3,4,10,7,10,3,1,6
2020-10-11_France_Portugal,10,12,10,6,1,3,10,17,7,7,2,1
2020-10-14_England_Denmark,10,13,12,5,2,3,10,9,7,3,5,2
2020-10-14_Belgium_Iceland,10,20,10,7,0,3,10,4,21,1,1,8
2020-10-14_Netherlands_Bosnia,10,14,8,5,1,4,3,2,4,0,1,2
2020-10-14_Italy_Poland,10,8,5,3,6,1,10,7,12,2,3,5
2020-10-14_Spain_Ukraine,10,26,11,5,2,3,10,6,16,3,0,7
2020-10-14_Germany_Switzerland,10,8,19,2,3,5,10,15,15,3,2,5
2020-10-14_Croatia_France,10,15,22,4,2,4,10,10,10,5,2,3
2020-10-14_Portugal_Sweden,10,16,7,6,3,1,10,7,11,3,0,7
2020-11-14_Italy_Poland,10,8,5,3,6,1,10,7,11,2,3,5
2020-11-14_Netherlands_Bosnia,10,14,9,5,1,4,4,3,7,0,1,3
2020-11-15_England_Belgium,10,12,11,5,2,3,10,22,9,8,0,2
2020-11-15_Denmark_Iceland,10,9,5,4,5,1,10,3,22,1,0,9
2020-11-15_Spain_Germany,10,21,11,5,2,3,10,11,21,2,4,4
2020-11-15_Ukraine_Switzerland,10,6,15,3,0,7,10,16,17,2,3,5
2020-11-15_Portugal_France,10,18,6,7,2,1,10,11,11,5,2,3
2020-11-15_Croatia_Sweden,10,14,22,4,1,5,10,7,13,3,0,7
2020-11-18_Netherlands_Bosnia,10,16,8,6,1,3,5,4,10,0,1,4
2020-11-18_Poland_Italy,10,6,13,1,3,6,10,9,4,4,5,1
2020-11-18_Belgium_Denmark,10,20,11,7,0,3,10,10,6,4,5,1
2020-11-18_England_Iceland,10,13,11,5,2,3,10,4,22,1,0,9
2020-11-18_Germany_Ukraine,10,9,26,1,4,5,10,7,15,3,1,6
2020-11-18_Switzerland_Spain,10,15,16,2,3,5,10,25,8,6,2,2
2020-11-18_Sweden_France,10,9,13,4,0,6,10,8,9,5,2,3
2020-11-18_Croatia_Portugal,10,13,23,3,1,6,10,17,5,7,2,1
2021-03-24_Portugal_Azerbaijan,10,19,7,7,2,1,0,0,0,0,0,0
2021-03-24_Serbia_Republic of Ireland,6,4,7,2,0,4,2,0,1,0,1,1
2021-03-24_France_Ukraine,10,12,11,6,1,3,10,8,16,3,1,6
2021-03-24_Finland_Bosnia,0,0,0,0,0,0,6,5,13,0,1,5
2021-03-24_Belgium_Wales,10,20,10,7,0,3,8,12,8,5,0,3
2021-03-24_England_San Marino,10,17,11,6,1,3,0,0,0,0,0,0
2021-03-24_Spain_Greece,10,24,6,6,3,1,10,10,15,3,3,4
2021-03-24_Sweden_Georgia,10,10,17,3,0,7,0,0,0,0,0,0
2021-03-24_Italy_Northern Ireland,10,10,3,5,4,1,4,2,3,1,0,3
2021-03-24_Germany_Iceland,10,12,25,2,4,4,10,3,24,1,0,9
2021-03-24_Denmark_Israel,10,9,7,4,4,2,0,0,0,0,0,0
2021-03-24_Scotland_Austria,0,0,0,0,0,0,6,2,7,0,2,4
2021-03-24_Hungary_Poland,4,6,8,1,2,1,10,5,14,1,2,7
2021-03-24_Romania_North Macedonia,6,3,7,0,3,3,0,0,0,0,0,0
2021-03-24_Netherlands_Turkey,10,17,9,6,1,3,8,10,13,3,1,4
2021-03-24_Norway_Turkey,0,0,0,0,0,0,8,10,13,3,1,4
2021-03-25_Brazil_Argentina,10,20,3,7,2,1,10,13,15,4,2,4
2021-03-25_Uruguay_Paraguay,10,14,6,6,2,2,10,9,16,1,6,3
2021-03-25_Chile_Peru,10,15,8,5,2,3,10,10,13,3,2,5
2021-03-25_Colombia_Bolivia,10,10,3,5,4,1,7,6,19,1,1,5
2021-03-25_Ecuador_Venezuela,10,9,17,2,2,6,7,5,6,2,2,3
2021-03-26_Argentina_Chile,10,12,14,4,2,4,10,12,8,5,2,3
2021-03-26_Paraguay_Bolivia,10,7,15,1,5,4,8,6,22,1,1,6
2021-03-26_Uruguay_Brazil,10,15,5,7,2,1,10,18,3,6,3,1
2021-03-26_Peru_Colombia,10,10,14,3,2,5,10,13,3,6,3,1
2021-03-26_Venezuela_Ecuador,8,6,8,2,2,4,10,11,17,3,2,5
2021-03-28_Argentina_Uruguay,10,13,11,5,2,3,10,14,7,6,2,2
2021-03-28_Bolivia_Venezuela,9,8,24,1,2,6,9,8,9,3,2,4
2021-03-28_Chile_Paraguay,10,11,9,4,2,4,10,8,17,0,6,4
2021-03-28_Colombia_Ecuador,10,16,3,7,2,1,10,11,17,3,2,5
2021-03-28_Peru_Bolivia,10,10,16,3,2,5,9,8,24,1,2,6
2021-03-30_Argentina_Bolivia,10,14,10,5,2,3,10,11,28,2,1,7
2021-03-30_Brazil_Chile,10,18,3,6,3,1,10,11,8,4,2,4
2021-03-30_Colombia_Paraguay,10,21,2,8,2,0,10,7,18,0,5,5
2021-03-30_Ecuador_Chile,10,10,22,2,2,6,10,11,8,4,2,4
2021-03-30_Uruguay_Bolivia,10,13,10,5,2,3,10,11,28,2,1,7
2021-03-30_Peru_Venezuela,10,11,16,3,2,5,10,9,12,3,2,5
2021-06-06_Italy_Spain,10,12,2,6,4,0,10,23,4,6,4,0
2021-06-06_Belgium_France,10,21,11,7,0,3,10,11,11,5,2,3
2021-06-09_Spain_Italy,10,23,5,5,5,0,10,12,3,5,5,0
2021-06-09_France_Belgium,10,12,12,5,2,3,10,21,14,6,0,4
2021-06-10_Italy_Spain,10,12,3,5,5,0,10,23,5,5,5,0
2021-06-10_Spain_Italy,10,23,5,5,5,0,10,12,3,5,5,0
2021-06-11_Turkey_Italy,10,17,15,5,1,4,10,13,4,5,5,0
2021-06-12_Wales_Switzerland,9,13,11,5,0,4,10,16,16,2,4,4
2021-06-12_Denmark_Finland,10,11,7,5,3,2,1,2,2,0,1,0
2021-06-12_Belgium_Russia,10,21,12,6,0,4,10,14,15,2,4,4
2021-06-13_England_Croatia,10,19,9,6,1,3,10,13,22,3,1,6
2021-06-13_Austria_North Macedonia,7,4,9,0,3,4,1,2,3,0,0,1
2021-06-13_Netherlands_Ukraine,10,17,13,5,1,4,10,9,15,3,2,5
2021-06-13_Brazil_Venezuela,10,17,3,6,3,1,10,8,13,2,2,6
2021-06-13_Colombia_Ecuador,10,18,4,7,2,1,10,10,22,2,2,6
2021-06-14_Scotland_Czech Republic,1,2,2,0,1,0,10,8,14,3,1,6
2021-06-14_Poland_Slovakia,10,6,14,1,3,6,8,8,13,2,2,4
2021-06-14_Spain_Sweden,10,15,7,3,7,0,10,10,15,4,0,6
2021-06-14_Argentina_Chile,10,14,6,6,2,2,10,7,9,3,2,5
2021-06-14_Paraguay_Bolivia,10,8,17,1,4,5,10,10,28,1,1,8
2021-06-15_Hungary_Portugal,5,9,11,1,3,1,10,17,5,7,2,1
2021-06-15_France_Germany,10,15,12,6,2,2,10,15,25,3,3,4
2021-06-16_Finland_Russia,2,3,2,1,1,0,10,14,17,2,4,4
2021-06-16_Turkey_Wales,10,17,16,5,1,4,10,14,12,5,1,4
2021-06-16_Italy_Switzerland,10,15,4,5,5,0,10,15,17,1,5,4
2021-06-17_Ukraine_North Macedonia,10,11,17,3,2,5,2,3,6,0,0,2
2021-06-17_Denmark_Belgium,10,10,7,5,2,3,10,22,12,6,0,4
2021-06-17_Netherlands_Austria,10,18,13,6,0,4,8,7,10,1,3,4
2021-06-17_Chile_Bolivia,10,6,9,2,3,5,10,10,28,1,1,8
2021-06-17_Argentina_Uruguay,10,15,5,6,3,1,10,14,12,5,2,3
2021-06-18_Sweden_Slovakia,10,7,15,3,1,6,9,10,14,3,2,4
2021-06-18_Croatia_Czech Republic,10,13,17,3,1,6,10,9,10,4,1,5
2021-06-18_England_Scotland,10,17,7,6,1,3,2,2,4,0,1,1
2021-06-18_Peru_Colombia,10,11,14,4,2,4,10,18,4,7,2,1
2021-06-18_Brazil_Peru,10,19,1,7,3,0,10,11,14,4,2,4
2021-06-19_Hungary_France,6,9,14,1,3,2,10,16,10,7,2,1
2021-06-19_Portugal_Germany,10,20,5,8,1,1,10,15,23,3,3,4
2021-06-20_Spain_Poland,10,14,7,2,8,0,10,7,15,1,3,6
2021-06-20_Italy_Wales,10,18,4,6,4,0,10,14,11,5,1,4
2021-06-20_Switzerland_Turkey,10,15,19,1,5,4,10,15,17,4,1,5
2021-06-20_Venezuela_Ecuador,10,8,15,2,2,6,10,10,21,2,2,6
2021-06-21_Ukraine_Austria,10,11,17,3,2,5,9,7,12,1,3,5
2021-06-21_North Macedonia_Netherlands,3,4,8,0,0,3,10,17,12,6,0,4
2021-06-21_Finland_Belgium,3,3,3,1,1,1,10,22,13,6,0,4
2021-06-21_Russia_Denmark,10,14,16,3,3,4,10,11,9,5,1,4
2021-06-21_Uruguay_Chile,10,12,12,4,2,4,10,7,8,3,3,4
2021-06-21_Argentina_Paraguay,10,15,4,7,2,1,10,10,12,2,4,4
2021-06-22_Czech Republic_England,10,8,10,3,2,5,10,15,6,5,2,3
2021-06-22_Croatia_Scotland,10,14,18,3,1,6,3,2,4,0,2,1
2021-06-23_Slovakia_Spain,10,10,15,3,2,5,10,14,7,2,8,0
2021-06-23_Sweden_Poland,10,7,15,3,1,6,10,8,15,1,4,5
2021-06-23_Germany_Hungary,10,18,23,4,3,3,7,10,15,1,4,2
2021-06-23_Portugal_France,10,19,8,7,1,2,10,16,11,6,3,1
2021-06-23_Bolivia_Uruguay,10,10,26,1,1,8,10,13,11,4,3,3
2021-06-23_Chile_Paraguay,10,8,9,3,3,4,10,10,11,2,4,4
2021-06-23_Argentina_Bolivia,10,14,4,7,2,1,10,10,26,1,1,8
2021-06-23_Uruguay_Paraguay,10,13,11,4,3,3,10,10,11,2,4,4
2021-06-24_Colombia_Brazil,10,19,3,8,1,1,10,20,1,7,3,0
2021-06-24_Ecuador_Peru,10,10,20,2,3,5,10,8,19,3,1,6
2021-06-26_Wales_Denmark,10,13,10,5,1,4,10,13,9,5,1,4
2021-06-26_Italy_Austria,10,17,4,6,4,0,10,8,12,2,3,5
2021-06-27_Netherlands_Czech Republic,10,20,11,7,0,3,10,7,11,2,2,6
2021-06-27_Belgium_Portugal,10,19,12,6,0,4,10,20,10,6,2,2
2021-06-27_Brazil_Ecuador,10,22,2,8,2,0,10,10,21,1,4,5
2021-06-27_Venezuela_Peru,10,9,15,2,3,5,10,10,16,3,2,5
2021-06-28_Croatia_Spain,10,14,17,3,1,6,10,18,7,2,8,0
2021-06-28_France_Switzerland,10,18,11,6,4,0,10,17,18,2,5,3
2021-06-28_Colombia_Peru,10,18,5,7,1,2,10,11,16,4,1,5
2021-06-28_Brazil_Peru,10,18,3,7,3,0,10,11,16,4,1,5
2021-06-28_Ecuador_Brazil,10,11,18,1,5,4,10,18,3,7,3,0
2021-06-29_England_Germany,10,15,3,6,2,2,10,18,23,4,3,3
2021-06-29_Sweden_Ukraine,10,10,15,4,1,5,10,10,18,2,2,6
2021-07-02_Switzerland_Spain,10,15,19,1,6,3,10,15,10,1,9,0
2021-07-02_Belgium_Italy,10,19,10,7,0,3,10,17,5,6,4,0
2021-07-02_Peru_Paraguay,10,9,16,4,1,5,10,9,9,3,2,5
2021-07-03_Czech Republic_Denmark,10,9,10,3,2,5,10,17,7,6,1,3
2021-07-03_Ukraine_England,10,12,15,3,2,5,10,17,2,7,2,1
2021-07-03_Brazil_Chile,10,19,4,7,3,0,10,8,8,3,3,4
2021-07-03_Uruguay_Colombia,10,10,9,5,2,3,10,18,7,6,1,3
2021-07-03_Argentina_Ecuador,10,16,5,7,2,1,10,11,17,1,6,3
2021-07-06_Italy_Spain,10,17,6,6,4,0,10,15,10,1,9,0
2021-07-06_Argentina_Colombia,10,19,3,8,2,0,10,17,7,5,2,3
2021-07-07_England_Denmark,10,21,2,8,1,1,10,19,8,7,0,3
2021-07-07_Brazil_Peru,10,17,3,7,3,0,10,12,17,4,2,4
2021-07-09_Colombia_Peru,10,18,8,5,2,3,10,12,15,4,2,4
2021-07-10_Argentina_Brazil,10,18,3,7,3,0,10,18,3,8,2,0
2021-07-11_Italy_England,10,16,7,5,5,0,10,21,2,8,1,1
2021-09-02_Portugal_Republic of Ireland,10,16,10,5,2,3,3,2,4,0,1,2
2021-09-02_France_Bosnia,10,21,14,6,4,0,7,7,15,0,2,5
2021-09-02_Belgium_Czech Republic,10,18,12,6,0,4,10,10,11,3,2,5
2021-09-02_Spain_Georgia,10,15,10,1,9,0,1,0,1,0,0,1
2021-09-02_Italy_Bulgaria,10,16,7,5,5,0,0,0,0,0,0,0
2021-09-02_Germany_Armenia,10,17,24,4,2,4,0,0,0,0,0,0
2021-09-02_Denmark_Scotland,10,17,10,6,0,4,4,3,7,0,2,2
2021-09-02_Netherlands_Norway,10,19,13,6,0,4,1,0,3,0,0,1
2021-09-02_England_Hungary,10,22,2,8,2,0,8,12,17,1,5,2
2021-09-02_Poland_Albania,10,9,17,1,3,6,3,1,3,1,0,2
2021-09-05_Argentina_Brazil,10,19,3,8,2,0,10,16,4,7,2,1
2021-09-05_Chile_Bolivia,10,7,7,3,3,4,10,9,26,1,1,8
2021-09-05_Colombia_Chile,10,18,10,5,2,3,10,7,7,3,3,4
2021-09-05_Ecuador_Paraguay,10,10,19,1,5,4,10,12,11,3,3,4
2021-09-05_Peru_Uruguay,10,11,18,3,2,5,10,9,9,4,3,3
2021-09-05_Venezuela_Argentina,10,9,16,2,2,6,10,19,3,8,2,0
2021-09-09_Portugal_Qatar,10,16,11,5,2,3,10,21,6,7,1,2
2021-10-07_Argentina_Paraguay,10,19,5,7,3,0,10,12,11,3,3,4
2021-10-07_Brazil_Venezuela,10,16,5,6,3,1,10,10,19,2,1,7
2021-10-07_Chile_Peru,10,7,9,3,3,4,10,11,19,2,3,5
2021-10-07_Colombia_Brazil,10,18,11,5,2,3,10,16,5,6,3,1
2021-10-07_Ecuador_Bolivia,10,8,18,0,6,4,10,9,24,1,1,8
2021-10-07_Uruguay_Colombia,10,10,10,4,3,3,10,18,11,5,2,3
2021-10-10_Argentina_Uruguay,10,19,5,7,3,0,10,12,10,4,3,3
2021-10-10_Bolivia_Peru,10,7,25,1,0,9,10,11,19,2,3,5
2021-10-10_Brazil_Colombia,10,12,6,5,4,1,10,12,11,4,3,3
2021-10-10_Chile_Paraguay,10,7,9,3,3,4,10,12,13,3,3,4
2021-10-10_Ecuador_Venezuela,10,10,16,1,6,3,10,8,21,1,1,8
2021-11-11_Argentina_Uruguay,10,21,4,8,2,0,10,12,11,4,3,3
2021-11-11_Brazil_Colombia,10,12,6,5,4,1,10,12,13,3,3,4
2021-11-12_Portugal_Serbia,10,19,12,6,1,3,7,7,9,3,0,4
2021-11-12_Italy_Switzerland,10,16,7,5,5,0,10,15,17,1,7,2
2021-11-12_England_Albania,10,24,2,8,2,0,4,2,7,1,0,3
2021-11-12_Spain_Sweden,10,18,9,2,8,0,10,11,16,4,1,5
2021-11-12_Germany_Liechtenstein,10,23,18,5,2,3,0,0,0,0,0,0
2021-11-12_France_Kazakhstan,10,20,14,5,5,0,0,0,0,0,0,0
2021-11-13_Argentina_Brazil,10,23,4,8,2,0,10,12,5,6,3,1
2021-11-13_Chile_Ecuador,10,9,8,4,3,3,10,11,10,2,6,2
2021-11-13_Colombia_Paraguay,10,10,14,2,3,5,10,10,13,3,2,5
2021-11-13_Peru_Bolivia,10,11,16,2,3,5,10,5,24,1,0,9
2021-11-13_Uruguay_Argentina,10,12,11,4,3,3,10,23,4,8,2,0
2021-11-14_Portugal_North Macedonia,10,17,14,5,1,4,4,4,11,0,0,4
2021-11-14_Poland_Sweden,10,13,17,2,3,5,10,11,15,4,1,5
2021-11-14_Italy_North Macedonia,10,16,7,5,5,0,4,4,11,0,0,4
2021-11-14_Wales_Austria,10,10,14,4,1,5,10,9,13,2,3,5
2021-11-16_Argentina_Brazil,10,19,3,7,3,0,10,10,5,5,4,1
2021-11-16_Chile_Ecuador,10,9,10,4,2,4,10,13,10,3,5,2
2021-11-16_Colombia_Paraguay,10,9,12,2,4,4,10,10,11,3,3,4
2021-11-16_Peru_Bolivia,10,12,14,3,2,5,10,5,24,1,0,9
2021-11-16_Uruguay_Argentina,10,8,10,3,3,4,10,19,3,7,3,0
2022-01-09_Cameroon_Burkina Faso,10,13,6,5,4,1,6,8,3,3,3,0
2022-01-09_Ethiopia_Cape Verde,0,0,0,0,0,0,0,0,0,0,0,0
2022-01-10_Senegal_Zimbabwe,10,12,5,7,1,2,6,5,14,0,2,4
2022-01-10_Malawi_Guinea,0,0,0,0,0,0,4,4,6,1,1,2
2022-01-10_Morocco_Ghana,10,10,7,5,2,3,10,9,10,4,2,4
2022-01-10_Gabon_Comoros,3,2,2,0,3,0,0,0,0,0,0,0
2022-01-11_Nigeria_Egypt,10,12,11,6,0,4,10,10,10,4,1,5
2022-01-11_Sudan_Guinea-Bissau,0,0,0,0,0,0,6,2,9,0,2,4
2022-01-12_Tunisia_Mali,10,9,14,1,5,4,7,7,5,2,3,2
2022-01-12_Mauritania_Gambia,3,1,4,0,2,1,0,0,0,0,0,0
2022-01-12_Algeria_Sierra Leone,10,16,9,5,3,2,0,0,0,0,0,0
2022-01-12_Ivory Coast_Equatorial Guinea,10,11,10,3,3,4,0,0,0,0,0,0
2022-01-13_Cameroon_Ethiopia,10,14,6,6,3,1,1,0,1,0,0,1
2022-01-13_Cape Verde_Burkina Faso,1,1,0,1,0,0,7,9,5,3,3,1
2022-01-14_Senegal_Guinea,10,11,4,7,1,2,5,4,7,1,1,3
2022-01-14_Malawi_Zimbabwe,1,1,0,1,0,0,7,5,15,0,2,5
2022-01-14_Morocco_Comoros,10,8,6,5,2,3,1,0,1,0,0,1
2022-01-14_Gabon_Ghana,4,3,2,1,3,0,10,8,11,3,2,5
2022-01-15_Nigeria_Sudan,10,13,9,7,0,3,1,0,0,0,1,0
2022-01-15_Guinea-Bissau_Egypt,7,2,9,0,3,4,10,9,11,3,1,6
2022-01-16_Tunisia_Mauritania,10,8,13,1,5,4,4,1,5,0,2,2
2022-01-16_Mali_Gambia,8,8,5,3,3,2,1,1,0,1,0,0
2022-01-16_Algeria_Equatorial Guinea,10,14,7,5,3,2,1,0,1,0,0,1
2022-01-16_Ivory Coast_Sierra Leone,10,11,8,4,3,3,1,0,0,0,1,0
2022-01-17_Burkina Faso_Ethiopia,8,10,5,4,3,1,2,1,5,0,0,2
2022-01-17_Cape Verde_Cameroon,2,1,1,1,0,1,10,16,6,6,3,1
2022-01-18_Zimbabwe_Guinea,8,6,17,0,2,6,6,4,7,1,2,3
2022-01-18_Malawi_Senegal,2,3,1,2,0,0,10,9,2,7,1,2
2022-01-18_Ghana_Comoros,10,8,12,2,3,5,2,0,3,0,0,2
2022-01-18_Gabon_Morocco,5,4,3,1,4,0,10,9,6,5,2,3
2022-01-19_Egypt_Sudan,10,9,10,4,0,6,2,1,3,0,1,1
2022-01-19_Guinea-Bissau_Nigeria,8,2,10,0,3,5,10,14,10,7,0,3
2022-01-20_Mali_Tunisia,9,9,6,3,4,2,10,10,8,2,5,3
2022-01-20_Gambia_Mauritania,2,2,1,1,1,0,5,1,9,0,2,3
2022-01-20_Equatorial Guinea_Ivory Coast,2,1,1,1,0,1,10,12,8,4,4,2
2022-01-20_Sierra Leone_Algeria,2,2,2,0,2,0,10,13,6,5,3,2
2022-01-23_Burkina Faso_Cameroon,9,11,6,4,4,1,10,17,7,6,3,1
2022-01-23_Cape Verde_Ethiopia,3,2,2,1,1,1,3,2,6,0,1,2
2022-01-24_Senegal_Malawi,10,9,1,7,2,1,3,3,1,2,1,0
2022-01-24_Guinea_Zimbabwe,7,5,9,1,2,4,9,8,18,1,2,6
2022-01-24_Morocco_Ghana,10,11,7,5,3,2,10,11,13,3,3,4
2022-01-24_Gabon_Comoros,6,6,5,1,5,0,3,2,6,0,0,3
2022-01-25_Egypt_Nigeria,10,9,8,5,0,5,10,15,8,8,0,2
2022-01-25_Sudan_Guinea-Bissau,3,1,4,0,1,2,9,2,12,0,3,6
2022-01-26_Mali_Mauritania,10,10,7,3,5,2,6,1,10,0,2,4
2022-01-26_Tunisia_Gambia,10,9,8,1,6,3,3,3,1,2,1,0
2022-01-26_Ivory Coast_Algeria,10,13,8,5,3,2,10,11,4,5,3,2
2022-01-26_Equatorial Guinea_Sierra Leone,3,1,2,1,0,2,3,2,2,0,3,0
2022-03-24_Portugal_Turkey,10,20,14,6,1,3,10,13,18,3,1,6
2022-03-24_Italy_North Macedonia,10,15,7,5,4,1,6,6,14,1,0,5
2022-03-24_Wales_Austria,10,11,15,4,1,5,10,9,14,2,2,6
2022-03-24_Sweden_Czech Republic,10,12,14,5,1,4,10,8,12,3,1,6
2022-03-25_England_Switzerland,10,25,2,8,2,0,10,15,16,1,8,1
2022-03-25_Netherlands_Denmark,10,20,13,6,1,3,10,18,10,6,0,4
2022-03-25_Germany_Israel,10,30,17,5,2,3,1,0,2,0,0,1
2022-03-25_Spain_Albania,10,18,8,3,7,0,5,2,12,1,0,4
2022-03-25_Italy_Turkey,10,12,8,4,4,2,10,13,20,3,0,7
2022-03-25_Portugal_North Macedonia,10,20,13,6,1,3,7,7,14,2,0,5
2022-03-25_France_South Africa,10,27,14,5,5,0,8,6,9,3,1,4
2022-03-25_Belgium_Republic of Ireland,10,21,10,7,0,3,4,3,6,0,1,3
2022-03-25_Argentina_Panama,10,17,2,8,2,0,3,2,11,0,0,3
2022-03-25_Brazil_Chile,10,9,5,5,3,2,10,8,11,4,1,5
2022-03-26_Japan_Brazil,10,15,13,6,2,2,10,12,5,5,3,2
2022-03-26_South Korea_Paraguay,10,7,2,6,3,1,10,8,11,2,4,4
2022-03-26_Mexico_Sweden,10,11,14,3,3,4,10,13,11,6,1,3
2022-03-26_USA_Morocco,10,12,14,2,4,4,10,13,6,6,3,1
2022-03-29_Poland_Sweden,10,12,18,1,3,6,10,11,11,5,1,4
2022-03-29_Wales_Ukraine,10,10,15,4,1,5,10,10,18,2,2,6
2022-03-29_Scotland_Ukraine,5,3,9,0,2,3,10,10,18,2,2,6
2022-03-29_Netherlands_Germany,10,24,14,7,1,2,10,29,14,6,1,3
2022-03-29_England_Cote d'Ivoire,10,22,3,8,2,0,0,0,0,0,0,0
2022-03-29_Spain_Iceland,10,19,8,4,6,0,10,3,25,1,0,9
2022-03-29_Italy_Argentina,10,11,8,4,4,2,10,21,2,8,2,0
2022-03-29_Portugal_North Macedonia,10,19,14,5,1,4,8,8,14,3,0,5
2022-03-29_France_South Africa,10,28,12,5,5,0,9,6,14,3,1,5
2022-03-29_Belgium_Burkina Faso,10,21,12,6,1,3,10,12,7,4,5,1
2022-03-29_Brazil_Chile,10,12,5,5,3,2,10,7,15,3,1,6
2022-06-01_Poland_Wales,10,14,18,2,2,6,10,11,13,5,1,4
2022-06-01_Hungary_England,9,12,21,1,5,3,10,24,3,8,2,0
2022-06-01_Italy_Germany,10,10,11,3,4,3,10,30,9,6,2,2
2022-06-01_Turkey_Faroe Islands,10,11,19,3,0,7,0,0,0,0,0,0
2022-06-01_Argentina_Italy,10,23,1,9,1,0,10,10,11,3,4,3
2022-06-02_Spain_Portugal,10,23,7,5,5,0,10,16,15,4,1,5
2022-06-02_Czech Republic_Switzerland,10,8,11,3,1,6,10,15,17,1,7,2
2022-06-02_Serbia_Norway,8,9,10,4,0,4,2,1,4,0,1,1
2022-06-02_Slovenia_Sweden,3,3,3,1,1,1,10,9,9,5,1,4
2022-06-02_Northern Ireland_Greece,5,2,5,1,0,4,10,9,15,2,4,4
2022-06-02_Kosovo_Greece,0,0,0,0,0,0,10,9,15,2,4,4
2022-06-02_England_Belgium,10,24,4,8,1,1,10,21,11,6,1,3
2022-06-03_France_Denmark,10,32,11,6,4,0,10,18,13,5,0,5
2022-06-03_Belgium_Netherlands,10,19,8,6,2,2,10,22,14,6,2,2
2022-06-03_Croatia_Austria,10,16,18,3,2,5,10,10,15,2,2,6
2022-06-03_Belarus_Slovakia,0,0,0,0,0,0,10,9,19,3,1,6
2022-06-03_Lithuania_Luxembourg,0,0,0,0,0,0,0,0,0,0,0,0
2022-06-04_Kazakhstan_Moldova,1,0,8,0,0,1,0,0,0,0,0,0
2022-06-04_Azerbaijan_Luxembourg,1,0,1,0,0,1,1,2,0,1,0,0
2022-06-04_Liechtenstein_Moldova,1,0,9,0,0,1,0,0,0,0,0,0
2022-06-04_Spain_Portugal,10,24,8,5,5,0,10,15,12,4,2,4
2022-06-05_Finland_Bosnia and Herzegovina,4,3,5,1,1,2,3,4,4,1,0,2
2022-06-05_Denmark_Croatia,10,20,12,6,0,4,10,15,17,3,2,5
2022-06-05_Austria_France,10,13,13,3,2,5,10,30,11,5,4,1
2022-06-05_Belgium_Poland,10,18,9,6,2,2,10,16,17,3,2,5
2022-06-05_England_Italy,10,23,4,7,2,1,10,7,13,1,5,4
2022-06-05_Germany_Hungary,10,28,9,5,3,2,10,13,21,2,5,3
2022-06-05_Switzerland_Spain,10,13,16,1,6,3,10,24,8,5,5,0
2022-06-05_Portugal_Czech Republic,10,14,11,4,2,4,10,9,10,4,1,5
2022-06-05_Argentina_Estonia,10,23,0,9,1,0,0,0,0,0,0,0
2022-06-05_France_Denmark,10,30,11,5,4,1,10,20,12,6,0,4
2022-06-05_Germany_England,10,28,9,5,3,2,10,23,4,7,2,1
2022-06-05_Netherlands_Wales,10,23,14,6,2,2,10,11,15,4,1,5
2022-06-06_Sweden_Serbia,10,10,9,5,1,4,9,9,11,4,0,5
2022-06-06_Norway_Slovenia,3,2,4,1,1,1,4,3,5,1,1,2
2022-06-06_Scotland_Armenia,6,4,12,0,2,4,1,0,6,0,0,1
2022-06-06_Ireland_Ukraine,7,4,15,1,1,5,10,12,17,3,2,5
2022-06-06_Argentina_Panama,10,25,0,9,1,0,4,2,16,0,0,4
2022-06-07_Latvia_Andorra,0,0,0,0,0,0,0,0,0,0,0,0
2022-06-07_Liechtenstein_Andorra,2,0,11,0,0,2,0,0,0,0,0,0
2022-06-08_Faroe Islands_Turkey,1,0,4,0,0,1,10,15,18,4,0,6
2022-06-08_Lithuania_Turkey,1,0,2,0,0,1,10,15,18,4,0,6
2022-06-08_Brazil_Japan,10,16,4,6,3,1,10,12,12,5,2,3
2022-06-09_Portugal_Czech Republic,10,16,10,5,2,3,10,9,11,4,1,5
2022-06-09_Spain_Switzerland,10,20,8,5,5,0,10,12,16,1,5,4
2022-06-09_Northern Ireland_Cyprus,6,2,6,1,0,5,0,0,0,0,0,0
2022-06-09_Kosovo_Northern Ireland,1,0,1,0,0,1,6,2,6,1,0,5
2022-06-09_Argentina_Estonia,10,27,0,9,1,0,1,0,5,0,0,1
2022-06-10_England_Italy,10,18,5,5,4,1,10,6,12,1,5,4
2022-06-10_Hungary_Germany,10,12,22,1,6,3,10,27,10,4,5,1
2022-06-10_Netherlands_Poland,10,23,15,6,2,2,10,17,21,3,2,5
2022-06-10_Wales_Belgium,10,12,16,4,1,5,10,21,10,6,2,2
2022-06-10_Austria_Denmark,10,14,14,3,2,5,10,20,13,6,0,4
2022-06-10_Croatia_France,10,14,17,3,2,5,10,28,12,3,5,2
2022-06-10_Sweden_Serbia,10,10,10,5,0,5,10,10,11,5,0,5
2022-06-10_Norway_Slovenia,4,2,4,1,2,1,5,3,5,1,2,2
2022-06-10_Scotland_Armenia,7,6,12,1,2,4,2,0,8,0,0,2
2022-06-10_Ireland_Ukraine,8,4,16,1,1,6,10,12,16,4,1,5
2022-06-11_Greece_Kosovo,10,10,12,4,3,3,2,3,3,1,0,1
2022-06-11_Cyprus_Northern Ireland,1,2,2,0,1,0,8,6,11,1,1,6
2022-06-11_Latvia_Liechtenstein,1,3,0,1,0,0,3,0,12,0,0,3
2022-06-11_Andorra_Latvia,2,1,3,1,0,1,1,3,0,1,0,0
2022-06-11_Argentina_Italy,10,29,0,9,1,0,10,5,11,1,5,4
2022-06-11_Brazil_Argentina,10,16,3,7,2,1,10,29,0,9,1,0
2022-06-12_Turkey_Lithuania,10,23,15,5,0,5,2,0,8,0,0,2
2022-06-12_Luxembourg_Faroe Islands,2,4,0,2,0,0,2,0,8,0,0,2
2022-06-12_Belarus_Azerbaijan,1,0,1,0,0,1,2,0,3,0,0,2
2022-06-12_Slovakia_Kazakhstan,10,10,17,4,1,5,2,1,8,1,0,1
2022-06-12_Moldova_Latvia,2,2,1,1,0,1,3,5,1,2,1,0
2022-06-13_Argentina_Panama,10,32,0,10,0,0,5,2,21,0,0,5
2022-06-14_Hungary_England,10,12,22,1,6,3,10,16,4,4,5,1
2022-06-14_Italy_Germany,10,4,13,1,4,5,10,24,9,3,6,1
2022-06-14_Spain_Portugal,10,18,5,6,4,0,10,16,9,5,2,3
2022-06-14_Czech Republic_Switzerland,10,8,13,3,1,6,10,11,16,1,4,5
2022-06-14_Netherlands_Wales,10,23,13,6,3,1,10,12,14,4,2,4
2022-06-14_Poland_Belgium,10,19,21,3,3,4,10,20,10,5,3,2
2022-06-14_Hungary_Germany,10,12,22,1,6,3,10,24,9,3,6,1
2022-06-14_Italy_England,10,4,13,1,4,5,10,16,4,4,5,1
2022-06-14_Spain_Czech Republic,10,18,5,6,4,0,10,8,13,3,1,6
2022-06-14_Portugal_Switzerland,10,16,9,5,2,3,10,11,16,1,4,5
2022-06-14_Argentina_Italy,10,36,0,10,0,0,10,4,13,1,4,5
2022-06-14_Brazil_Japan,10,13,3,6,2,2,10,11,13,4,2,4
2022-06-14_Argentina_Panama,10,36,0,10,0,0,6,2,26,0,0,6
2022-06-15_Denmark_France,10,21,12,7,0,3,10,28,12,3,5,2
2022-06-15_Croatia_Austria,10,13,17,2,3,5,10,14,14,3,2,5
2022-06-15_Austria_Denmark,10,14,14,3,2,5,10,21,12,7,0,3
2022-06-15_France_Croatia,10,28,12,3,5,2,10,13,17,2,3,5
2022-06-15_Netherlands_Belgium,10,23,13,6,3,1,10,19,10,5,3,2
2022-06-15_Poland_Netherlands,10,16,19,3,2,5,10,23,13,6,3,1
2022-06-15_Wales_Belgium,10,13,16,4,1,5,10,19,10,5,3,2
2022-06-15_Italy_England,10,5,18,1,4,5,10,15,3,4,5,1
2022-06-15_Germany_Hungary,10,28,8,4,6,0,10,10,20,1,6,3
2022-06-15_England_Hungary,10,15,3,4,5,1,10,10,20,1,6,3
2022-06-15_Italy_Germany,10,5,18,1,4,5,10,28,8,4,6,0
2022-06-15_Spain_Switzerland,10,19,5,7,3,0,10,11,18,1,3,6
2022-06-15_Portugal_Czech Republic,10,17,7,5,3,2,10,8,15,3,0,7
2022-06-15_Czech Republic_Spain,10,8,15,3,0,7,10,19,5,7,3,0
2022-06-15_Switzerland_Portugal,10,11,18,1,3,6,10,17,7,5,3,2
2022-06-16_Sweden_Serbia,10,9,11,4,0,6,10,11,10,6,0,4
2022-06-16_Slovenia_Norway,6,5,8,1,2,3,5,5,6,2,2,1
2022-06-16_Serbia_Norway,10,11,10,6,0,4,5,5,6,2,2,1
2022-06-16_Norway_Slovenia,5,5,6,2,2,1,6,5,8,1,2,3
2022-06-16_Scotland_Armenia,8,8,12,2,2,4,3,0,10,0,0,3
2022-06-16_Ireland_Ukraine,9,4,17,1,1,7,10,12,13,5,1,4
2022-06-16_Armenia_Scotland,3,0,10,0,0,3,8,8,12,2,2,4
2022-06-16_Ukraine_Scotland,10,12,13,5,1,4,8,8,12,2,2,4
2022-06-17_Finland_Romania,5,4,6,1,2,2,7,6,9,1,3,3
2022-06-17_Bosnia and Herzegovina_Finland,4,5,5,1,1,2,5,4,6,1,2,2
2022-06-17_Montenegro_Romania,0,0,0,0,0,0,7,6,9,1,3,3
2022-06-17_Greece_Northern Ireland,10,10,11,4,4,2,9,6,11,1,2,6
2022-06-17_Kosovo_Cyprus,3,4,4,1,1,1,2,2,2,0,2,0
2022-06-17_Cyprus_Kosovo,2,2,2,0,2,0,3,4,4,1,1,1
2022-06-17_Northern Ireland_Greece,9,6,11,1,2,6,10,10,11,4,4,2
2022-06-18_Latvia_Andorra,4,9,3,3,1,0,3,2,4,1,1,1
2022-06-18_Liechtenstein_Andorra,4,0,13,0,0,4,3,2,4,1,1,1
2022-06-18_Andorra_Liechtenstein,3,2,4,1,1,1,4,0,13,0,0,4
2022-06-18_Latvia_Moldova,4,9,3,3,1,0,3,4,5,1,0,2
2022-06-18_Azerbaijan_Slovakia,3,0,3,0,1,2,10,7,16,3,1,6
2022-06-18_Belarus_Kazakhstan,2,0,1,0,1,1,3,2,8,2,0,1
2022-06-18_Kazakhstan_Belarus,3,2,8,2,0,1,2,0,1,0,1,1
2022-06-18_Slovakia_Azerbaijan,10,7,16,3,1,6,3,0,3,0,1,2
2022-06-18_Moldova_Latvia,3,4,5,1,0,2,4,9,3,3,1,0
2022-06-18_Turkey_Faroe Islands,10,21,13,5,0,5,3,2,10,0,1,2
2022-06-18_Luxembourg_Lithuania,3,6,2,2,1,0,3,0,10,0,0,3
2022-06-18_Faroe Islands_Turkey,3,2,10,0,1,2,10,21,13,5,0,5
2022-06-18_Lithuania_Luxembourg,3,0,10,0,0,3,3,6,2,2,1,0
2022-06-18_England_Italy,10,8,7,2,5,3,10,6,20,1,4,5
2022-06-18_Germany_Hungary,10,18,11,3,6,1,10,12,14,3,5,2
2022-06-18_Hungary_Germany,10,12,14,3,5,2,10,18,11,3,6,1
2022-06-18_Italy_England,10,6,20,1,4,5,10,8,7,2,5,3
2022-06-18_Netherlands_Belgium,10,21,13,6,3,1,10,18,10,4,4,2
2022-06-18_Wales_Poland,10,12,17,3,2,5,10,15,19,3,2,5
2022-06-18_Belgium_Wales,10,18,10,4,4,2,10,12,17,3,2,5
2022-06-18_Croatia_Denmark,10,12,14,3,3,4,10,17,12,7,0,3
2022-06-18_France_Austria,10,23,10,3,3,4,10,11,13,3,1,6
2022-06-18_Austria_France,10,11,13,3,1,6,10,23,10,3,3,4
2022-06-18_Denmark_France,10,17,12,7,0,3,10,23,10,3,3,4
2022-06-18_Spain_Switzerland,10,16,9,5,3,2,10,8,15,2,2,6
2022-06-18_Portugal_Czech Republic,10,11,10,3,3,4,10,12,15,4,0,6
2022-06-18_Czech Republic_Spain,10,12,15,4,0,6,10,16,9,5,3,2
2022-06-18_Switzerland_Portugal,10,8,15,2,2,6,10,11,10,3,3,4
2022-06-18_Serbia_Sweden,10,10,9,6,0,4,10,6,10,3,0,7
2022-06-18_Slovenia_Norway,8,7,9,2,3,3,8,7,8,3,3,2
2022-06-18_Sweden_Slovenia,10,6,10,3,0,7,8,7,9,2,3,3
2022-06-18_Norway_Serbia,8,7,8,3,3,2,10,10,9,6,0,4
2022-06-18_Finland_Romania,7,7,10,1,3,3,9,8,10,2,4,3
2022-06-18_Bosnia and Herzegovina_Finland,5,8,7,2,1,2,7,7,10,1,3,3
2022-06-18_Montenegro_Romania,1,0,1,0,0,1,9,8,10,2,4,3
2022-06-18_Scotland_Ukraine,10,12,11,4,2,4,10,10,9,6,1,3
2022-06-18_Armenia_Scotland,5,1,16,0,0,5,10,12,11,4,2,4
2022-06-18_Ireland_Armenia,10,4,18,1,1,8,5,1,16,0,0,5
2022-06-18_Ukraine_Scotland,10,10,9,6,1,3,10,12,11,4,2,4
2022-09-22_Scotland_Ukraine,10,18,7,6,2,2,10,8,10,5,2,3
2022-09-22_Armenia_Scotland,7,4,23,0,0,7,10,18,7,6,2,2
2022-09-22_Ireland_Armenia,10,6,17,2,1,7,7,4,23,0,0,7
2022-09-22_Ukraine_Scotland,10,8,10,5,2,3,10,18,7,6,2,2
2022-09-22_Finland_Romania,9,10,14,1,4,4,10,10,11,3,4,3
2022-09-22_Bosnia and Herzegovina_Finland,6,11,9,3,1,2,9,10,14,1,4,4
2022-09-22_Montenegro_Romania,2,0,2,0,0,2,10,10,11,3,4,3
2022-09-23_Denmark_France,10,17,11,7,0,3,10,12,12,2,3,5
2022-09-23_Croatia_Austria,10,12,12,4,3,3,10,11,14,2,2,6
2022-09-23_France_Austria,10,12,12,2,3,5,10,11,14,2,2,6
2022-09-23_Croatia_Denmark,10,12,12,4,3,3,10,17,11,7,0,3
2022-09-23_Netherlands_Belgium,10,22,11,7,3,0,10,15,10,4,3,3
2022-09-23_Poland_Netherlands,10,15,18,4,1,5,10,22,11,7,3,0
2022-09-23_Wales_Poland,10,13,15,3,2,5,10,15,18,4,1,5
2022-09-23_Belgium_Wales,10,15,10,4,3,3,10,13,15,3,2,5
2022-09-23_Italy_England,10,6,17,2,3,5,10,6,7,2,5,3
2022-09-23_Germany_Hungary,10,16,12,2,6,2,10,11,12,4,4,2
2022-09-23_England_Italy,10,6,7,2,5,3,10,6,17,2,3,5
2022-09-23_Hungary_Germany,10,11,12,4,4,2,10,16,12,2,6,2
2022-09-23_Portugal_Spain,10,11,13,3,3,4,10,11,12,3,3,4
2022-09-23_Switzerland_Czech Republic,10,9,14,4,0,6,10,17,11,6,0,4
2022-09-23_Czech Republic_Portugal,10,17,11,6,0,4,10,11,13,3,3,4
2022-09-23_Spain_Switzerland,10,11,12,3,3,4,10,9,14,4,0,6
2022-09-23_Argentina_Honduras,10,38,0,10,0,0,6,1,11,0,1,5
2022-09-23_Brazil_Ghana,10,14,3,7,1,2,10,9,14,2,3,5
2022-09-23_Japan_USA,10,9,13,3,2,5,10,14,13,3,3,4
2022-09-23_South Korea_Costa Rica,10,8,4,5,4,1,10,9,16,1,4,5
2022-09-24_Serbia_Sweden,10,14,8,7,0,3,10,7,12,3,1,6
2022-09-24_Slovenia_Norway,10,10,11,3,4,3,10,8,12,3,3,4
2022-09-24_Sweden_Slovenia,10,7,12,3,1,6,10,10,11,3,4,3
2022-09-24_Norway_Serbia,10,8,12,3,3,4,10,14,8,7,0,3
2022-09-24_Argentina_Jamaica,10,38,0,10,0,0,3,0,3,0,0,3
2022-09-24_Brazil_Tunisia,10,15,2,7,1,2,10,9,7,2,5,3
2022-09-24_Japan_Ecuador,10,10,13,3,2,5,10,15,9,4,5,1
2022-09-24_South Korea_Cameroon,10,9,6,4,5,1,10,18,8,6,3,1
2022-09-25_Greece_Northern Ireland,10,11,7,5,4,1,10,6,14,1,2,7
2022-09-25_Cyprus_Kosovo,4,2,4,0,3,1,5,6,4,2,2,1
2022-09-25_Kosovo_Cyprus,5,6,4,2,2,1,4,2,4,0,3,1
2022-09-25_Northern Ireland_Greece,10,6,14,1,2,7,10,11,7,5,4,1
2022-09-26_Latvia_Andorra,7,15,7,5,1,1,6,5,6,3,1,2
2022-09-26_Liechtenstein_Andorra,6,1,16,0,0,6,6,5,6,3,1,2
2022-09-26_Andorra_Liechtenstein,6,5,6,3,1,2,6,1,16,0,0,6
2022-09-26_Latvia_Moldova,7,15,7,5,1,1,5,8,10,2,0,3
2022-09-26_Azerbaijan_Slovakia,5,2,5,1,1,3,10,7,14,4,1,5
2022-09-26_Belarus_Kazakhstan,4,2,5,0,1,3,5,6,10,4,0,1
2022-09-26_Kazakhstan_Belarus,5,6,10,4,0,1,4,2,5,0,1,3
2022-09-26_Slovakia_Azerbaijan,10,7,14,4,1,5,5,2,5,1,1,3
2022-09-26_Moldova_Latvia,5,8,10,2,0,3,7,15,7,5,1,1
2022-09-26_Turkey_Faroe Islands,10,23,12,5,0,5,5,4,15,1,1,3
2022-09-26_Luxembourg_Lithuania,5,8,2,4,1,0,5,0,12,0,0,5
2022-09-26_Faroe Islands_Turkey,5,4,15,1,1,3,10,23,12,5,0,5
2022-09-26_Lithuania_Luxembourg,5,0,12,0,0,5,5,8,2,4,1,0
2022-09-26_England_Italy,10,6,9,2,3,5,10,8,17,4,1,5
2022-09-26_Germany_Hungary,10,15,12,2,5,3,10,12,9,4,5,1
2022-09-26_Hungary_Germany,10,12,9,4,5,1,10,15,12,2,5,3
2022-09-26_Italy_England,10,8,17,4,1,5,10,6,9,2,3,5
2022-09-26_Netherlands_Belgium,10,20,8,8,2,0,10,14,12,4,2,4
2022-09-26_Wales_Poland,10,10,16,1,2,7,10,10,16,4,1,5
2022-09-26_Belgium_Wales,10,14,12,4,2,4,10,10,16,1,2,7
2022-09-26_Croatia_Denmark,10,15,11,6,2,2,10,16,9,7,0,3
2022-09-26_France_Austria,10,8,12,2,3,5,10,9,14,2,2,6
2022-09-26_Austria_France,10,9,14,2,2,6,10,8,12,2,3,5
2022-09-26_Denmark_France,10,16,9,7,0,3,10,8,12,2,3,5
2022-09-26_Spain_Switzerland,10,11,12,4,1,5,10,11,12,6,0,4
2022-09-26_Portugal_Czech Republic,10,13,12,4,1,5,10,16,15,5,0,5
2022-09-26_Czech Republic_Spain,10,16,15,5,0,5,10,11,12,4,1,5
2022-09-26_Switzerland_Portugal,10,11,12,6,0,4,10,13,12,4,1,5
2022-09-26_Serbia_Sweden,10,17,5,8,0,2,10,6,16,1,2,7
2022-09-26_Slovenia_Norway,10,10,11,3,4,3,10,8,12,3,2,5
2022-09-26_Sweden_Slovenia,10,6,16,1,2,7,10,10,11,3,4,3
2022-09-26_Norway_Serbia,10,8,12,3,2,5,10,17,5,8,0,2
2022-09-27_Finland_Romania,10,11,16,1,4,5,10,11,9,4,4,2
2022-09-27_Bosnia and Herzegovina_Finland,7,14,11,4,1,2,10,11,16,1,4,5
2022-09-27_Montenegro_Romania,3,0,3,0,0,3,10,11,9,4,4,2
2022-09-27_Scotland_Ukraine,10,22,3,7,3,0,10,6,8,4,3,3
2022-09-27_Armenia_Scotland,9,7,30,0,0,9,10,22,3,7,3,0
2022-09-27_Ireland_Armenia,10,9,15,3,1,6,9,7,30,0,0,9
2022-09-27_Ukraine_Scotland,10,6,8,4,3,3,10,22,3,7,3,0
2022-09-27_Argentina_Jamaica,10,38,0,10,0,0,4,0,6,0,0,4
2022-09-27_Brazil_Tunisia,10,19,3,7,1,2,10,9,11,2,4,4
2022-09-27_Japan_Ecuador,10,9,13,2,3,5,10,13,7,4,5,1
2022-09-27_South Korea_Cameroon,10,9,6,4,5,1,10,16,9,5,3,2
2022-11-16_Argentina_United Arab Emirates,10,36,0,10,0,0,10,11,17,3,3,4
2022-11-16_Brazil_Ghana,10,24,4,8,0,2,10,9,15,2,3,5
2022-11-16_Japan_Canada,10,6,13,1,4,5,0,0,0,0,0,0
2022-11-16_Poland_Chile,10,10,14,5,1,4,10,6,18,3,0,7
2022-11-18_Argentina_United Arab Emirates,10,36,0,10,0,0,10,10,21,3,2,5
2022-11-18_Brazil_Serbia,10,27,3,9,0,1,10,21,4,9,0,1
2022-11-18_Japan_Canada,10,6,12,1,4,5,1,2,1,1,0,0
2022-11-18_Poland_Chile,10,9,14,5,1,4,10,6,17,3,0,7
2022-11-20_Qatar_Ecuador,10,20,9,6,1,3,10,11,5,4,5,1
2022-11-21_England_Iran,10,6,9,3,1,6,10,17,5,6,2,2
2022-11-21_Senegal_Netherlands,10,9,1,7,2,1,10,20,7,9,1,0
2022-11-21_USA_Wales,10,13,13,3,3,4,10,9,17,0,2,8
2022-11-22_Argentina_Saudi Arabia,10,36,0,10,0,0,10,13,15,4,0,6
2022-11-22_Denmark_Tunisia,10,17,9,7,0,3,10,10,16,2,3,5
2022-11-22_Mexico_Poland,10,12,14,4,2,4,10,8,13,5,1,4
2022-11-22_France_Australia,10,8,11,3,2,5,10,13,9,5,2,3
2022-11-23_Morocco_Croatia,10,13,8,6,3,1,10,14,11,6,2,2
2022-11-23_Germany_Japan,10,14,12,2,4,4,10,7,10,1,4,5
2022-11-23_Spain_Costa Rica,10,11,16,2,1,7,10,9,14,1,5,4
2022-11-23_Belgium_Canada,10,9,9,4,2,4,2,4,2,2,0,0
2022-11-24_Switzerland_Cameroon,10,14,11,8,0,2,10,14,9,4,3,3
2022-11-24_Uruguay_Korea Republic,10,8,10,3,3,4,10,12,15,2,2,6
2022-11-24_Portugal_Ghana,10,9,17,2,1,7,10,9,17,2,3,5
2022-11-24_Brazil_Serbia,10,26,4,9,0,1,10,21,7,8,0,2
2022-11-25_Wales_Iran,10,8,15,0,3,7,10,18,11,5,2,3
2022-11-25_Qatar_Senegal,10,14,11,5,1,4,10,9,2,7,2,1
2022-11-25_Netherlands_Ecuador,10,18,6,9,1,0,10,12,4,5,4,1
2022-11-25_England_USA,10,8,11,3,1,6,10,13,13,3,3,4
2022-11-26_Tunisia_Australia,10,9,15,2,3,5,10,12,13,4,2,4
2022-11-26_Poland_Saudi Arabia,10,7,7,5,2,3,10,15,15,5,0,5
2022-11-26_France_Denmark,10,12,10,4,2,4,10,15,8,6,1,3
2022-11-26_Argentina_Mexico,10,34,2,9,0,1,10,9,13,3,3,4
2022-11-27_Japan_Costa Rica,10,7,9,2,3,5,10,9,18,1,5,4
2022-11-27_Belgium_Morocco,10,9,8,5,1,4,10,11,6,6,3,1
2022-11-27_Croatia_Canada,10,11,8,6,2,2,3,4,3,2,0,1
2022-11-27_Spain_Germany,10,17,15,3,0,7,10,10,12,1,4,5
2022-11-28_Cameroon_Serbia,10,12,10,3,3,4,10,20,9,7,0,3
2022-11-28_Korea Republic_Ghana,10,10,13,2,2,6,10,9,18,2,2,6
2022-11-28_Brazil_Switzerland,10,27,4,9,0,1,10,14,9,9,0,1
2022-11-28_Portugal_Uruguay,10,11,18,3,0,7,10,7,9,3,3,4
2022-11-29_Ecuador_Senegal,10,12,4,5,4,1,10,10,3,7,2,1
2022-11-29_Netherlands_Qatar,10,16,5,8,2,0,10,13,14,4,1,5
2022-11-29_Wales_England,10,7,16,0,2,8,10,8,11,3,1,6
2022-11-29_Iran_USA,10,20,10,6,2,2,10,11,11,3,3,4
2022-11-30_Australia_Denmark,10,11,12,4,2,4,10,14,9,5,1,4
2022-11-30_Tunisia_France,10,8,15,2,2,6,10,14,10,5,2,3
2022-11-30_Poland_Argentina,10,7,5,6,1,3,10,35,2,9,0,1
2022-11-30_Saudi Arabia_Mexico,10,11,16,4,0,6,10,8,13,3,3,4
2022-12-01_Croatia_Belgium,10,15,6,7,2,1,10,8,10,4,1,5
2022-12-01_Canada_Morocco,4,5,7,2,0,2,10,12,6,6,3,1
2022-12-01_Japan_Spain,10,6,9,2,2,6,10,16,15,2,1,7
2022-12-01_Costa Rica_Germany,10,9,16,2,5,3,10,10,12,1,4,5
2022-12-02_Ghana_Uruguay,10,12,18,3,2,5,10,5,11,2,3,5
2022-12-02_Korea Republic_Portugal,10,11,14,2,2,6,10,9,18,3,0,7
2022-12-02_Serbia_Switzerland,10,22,12,6,1,3,10,14,6,9,0,1
2022-12-02_Cameroon_Brazil,10,13,13,2,4,4,10,24,4,9,0,1
2022-12-03_Netherlands_USA,10,16,3,9,1,0,10,11,11,3,3,4
2022-12-03_Argentina_Australia,10,32,2,9,0,1,10,11,10,5,2,3
2022-12-04_France_Poland,10,12,11,4,2,4,10,7,6,6,1,3
2022-12-04_England_Senegal,10,11,10,4,1,5,10,11,4,7,2,1
2022-12-05_Japan_Croatia,10,8,9,3,2,5,10,14,6,6,3,1
2022-12-05_Brazil_Korea Republic,10,23,5,8,0,2,10,12,14,3,1,6
2022-12-06_Morocco_Spain,10,13,7,6,3,1,10,16,15,2,1,7
2022-12-06_Portugal_Switzerland,10,10,16,3,0,7,10,15,7,9,0,1
2022-12-09_Croatia_Brazil,10,14,6,6,3,1,10,27,5,9,0,1
2022-12-09_Netherlands_Argentina,10,16,2,9,1,0,10,31,3,9,0,1
2022-12-10_Morocco_Portugal,10,12,7,5,4,1,10,16,16,4,0,6
2022-12-10_England_France,10,14,6,5,1,4,10,14,11,5,1,4
2022-12-13_Argentina_Croatia,10,28,5,8,1,1,10,15,6,6,4,0
2022-12-14_France_Morocco,10,16,10,6,1,3,10,12,6,6,3,1
2022-12-17_Croatia_Morocco,10,14,9,5,4,1,10,11,8,5,3,2
2022-12-18_Argentina_France,10,28,5,8,1,1,10,18,8,7,1,2
2023-03-24_Argentina_Panama,10,28,8,7,2,1,7,2,31,0,0,7
2023-03-24_Brazil_Morocco,10,27,6,8,1,1,10,10,10,4,3,3
2023-03-24_England_Italy,10,14,8,4,1,5,10,7,10,5,1,4
2023-03-24_France_Netherlands,10,19,11,6,2,2,10,17,4,8,2,0
2023-03-24_Germany_Peru,10,14,13,2,4,4,10,14,14,3,2,5
2023-03-24_Spain_Norway,10,15,13,2,2,6,10,8,16,2,1,7
2023-03-24_Japan_Uruguay,10,9,9,3,3,4,10,6,11,2,3,5
2023-03-24_South Korea_Colombia,10,10,6,5,4,1,10,8,10,2,5,3
2023-03-25_Argentina_Curacao,10,27,8,7,2,1,0,0,0,0,0,0
2023-03-25_Brazil_Morocco,10,26,7,8,1,1,10,9,10,4,2,4
2023-03-25_England_Italy,10,16,8,5,1,4,10,8,12,5,0,5
2023-03-25_France_Netherlands,10,21,11,6,2,2,10,15,8,7,2,1
2023-03-25_Germany_Peru,10,11,11,2,4,4,10,12,15,2,2,6
2023-03-25_Spain_Norway,10,17,11,3,2,5,10,5,17,1,1,8
2023-03-25_Japan_Uruguay,10,10,9,3,4,3,10,7,12,2,3,5
2023-03-25_South Korea_Colombia,10,12,8,5,4,1,10,10,12,2,5,3
2023-03-28_Argentina_Curacao,10,29,8,7,2,1,1,0,7,0,0,1
2023-03-28_Brazil_Tunisia,10,23,7,8,1,1,10,9,14,3,2,5
2023-03-28_England_Ukraine,10,18,8,6,1,3,10,3,9,3,4,3
2023-03-28_France_Republic of Ireland,10,24,10,7,1,2,5,5,8,0,2,3
2023-03-28_Germany_Belgium,10,13,10,3,4,3,10,8,9,4,2,4
2023-03-28_Spain_Scotland,10,19,9,4,2,4,10,21,3,6,4,0
2023-03-28_Japan_Colombia,10,9,10,2,5,3,10,11,13,2,5,3
2023-03-28_South Korea_Uruguay,10,13,10,4,5,1,10,7,12,2,3,5
2023-06-14_Netherlands_Croatia,10,14,12,6,2,2,10,14,9,5,4,1
2023-06-15_Argentina_Australia,10,31,8,7,2,1,10,11,11,5,1,4
2023-06-15_Brazil_Guinea,10,23,7,8,1,1,8,6,10,1,3,4
2023-06-15_England_Italy,10,20,7,7,1,2,10,9,11,5,0,5
2023-06-15_France_Gibraltar,10,25,8,8,1,1,0,0,0,0,0,0
2023-06-15_Germany_Poland,10,14,12,3,3,4,10,8,7,6,1,3
2023-06-15_Spain_Italy,10,20,9,4,2,4,10,9,11,5,0,5
2023-06-15_Japan_El Salvador,10,10,12,2,4,4,0,0,0,0,0,0
2023-06-15_South Korea_Peru,10,14,12,4,4,2,10,12,15,2,2,6
2023-06-18_Netherlands_Italy,10,15,16,5,2,3,10,8,10,4,0,6
2023-06-18_Croatia_Spain,10,16,11,5,4,1,10,21,8,5,2,3
2023-06-19_Argentina_Indonesia,10,32,6,8,2,0,0,0,0,0,0,0
2023-06-19_Brazil_Senegal,10,24,8,8,1,1,10,10,7,6,2,2
2023-06-19_England_North Macedonia,10,21,8,7,1,2,9,9,14,4,0,5
2023-06-19_France_Greece,10,24,7,8,1,1,10,15,4,7,3,0
2023-06-19_Germany_Colombia,10,15,11,4,3,3,10,10,12,2,5,3
2023-06-19_Spain_Northern Ireland,10,20,6,5,3,2,10,4,17,0,2,8
2023-06-19_Japan_Peru,10,16,12,3,3,4,10,10,12,3,1,6
2023-06-19_South Korea_El Salvador,10,13,13,3,4,3,1,0,6,0,0,1
2023-06-20_Argentina_Indonesia,10,32,6,8,2,0,1,0,2,0,0,1
2023-06-20_Brazil_Senegal,10,23,11,7,1,2,10,13,9,6,2,2
2023-09-07_Argentina_Ecuador,10,32,6,8,2,0,10,13,3,5,4,1
2023-09-07_Brazil_Bolivia,10,23,15,6,1,3,10,5,24,1,0,9
2023-09-07_England_Scotland,10,28,7,8,1,1,10,21,5,6,3,1
2023-09-07_France_Republic of Ireland,10,23,6,8,1,1,6,5,9,0,2,4
2023-09-07_Germany_France,10,14,12,4,2,4,10,23,6,8,1,1
2023-09-07_Spain_Cyprus,10,20,4,6,3,1,6,3,11,0,3,3
2023-09-07_Japan_Germany,10,19,11,4,3,3,10,14,12,4,2,4
2023-09-07_South Korea_Wales,10,12,13,2,5,3,10,5,16,0,2,8
2023-09-12_Argentina_Bolivia,10,31,5,8,2,0,10,4,25,1,0,9
2023-09-12_Brazil_Peru,10,27,16,6,1,3,10,11,15,3,1,6
2023-09-12_England_Australia,10,25,6,8,1,1,10,11,11,5,1,4
2023-09-12_France_Germany,10,23,6,8,1,1,10,16,15,5,1,4
2023-09-12_Spain_Cyprus,10,19,4,6,3,1,7,3,17,0,3,4
2023-09-12_Japan_Turkey,10,22,10,5,3,2,10,27,9,6,0,4
2023-09-12_South Korea_Saudi Arabia,10,12,12,2,6,2,10,11,15,4,0,6
2023-10-12_Argentina_Paraguay,10,32,3,9,1,0,10,7,12,1,5,4
2023-10-12_Brazil_Venezuela,10,28,15,7,1,2,10,8,21,1,1,8
2023-10-12_England_Australia,10,26,6,9,0,1,10,11,11,5,1,4
2023-10-12_France_Scotland,10,23,6,8,1,1,10,19,8,5,3,2
2023-10-12_Germany_USA,10,16,15,5,1,4,10,11,12,3,3,4
2023-10-12_Spain_Scotland,10,24,3,7,2,1,10,19,8,5,3,2
2023-10-12_Japan_Canada,10,24,11,5,3,2,5,6,9,2,0,3
2023-10-12_South Korea_Tunisia,10,11,10,3,5,2,10,10,18,3,2,5
2023-10-17_Argentina_Bolivia,10,30,3,9,1,0,10,3,25,1,0,9
2023-10-17_Brazil_Peru,10,25,15,6,2,2,10,9,13,3,1,6
2023-10-17_England_Italy,10,24,6,9,0,1,10,11,11,5,0,5
2023-10-17_France_Scotland,10,25,7,8,1,1,10,16,13,4,2,4
2023-10-17_Germany_Mexico,10,18,15,6,0,4,10,10,14,4,2,4
2023-10-17_Spain_Norway,10,25,1,8,2,0,10,4,18,1,1,8
2023-10-17_Japan_Tunisia,10,28,11,6,3,1,10,10,17,3,3,4
2023-10-17_South Korea_Vietnam,10,9,8,3,5,2,5,5,7,1,1,3
2023-11-16_Argentina_Uruguay,10,30,0,10,0,0,10,6,13,2,3,5
2023-11-16_Brazil_Colombia,10,25,14,7,1,2,10,9,11,2,5,3
2023-11-16_England_Malta,10,24,7,9,0,1,0,0,0,0,0,0
2023-11-16_France_Gibraltar,10,26,5,9,0,1,1,0,3,0,0,1
2023-11-16_Germany_Turkey,10,16,15,5,1,4,10,28,10,6,0,4
2023-11-16_Spain_Cyprus,10,26,1,9,1,0,8,3,23,0,3,5
2023-11-16_Japan_Myanmar,10,28,10,6,3,1,0,0,0,0,0,0
2023-11-16_South Korea_Singapore,10,14,8,3,5,2,0,0,0,0,0,0
2023-11-21_Argentina_Brazil,10,28,2,9,0,1,10,24,15,6,1,3
2023-11-21_England_North Macedonia,10,25,5,10,0,0,10,9,21,4,0,6
2023-11-21_France_Gibraltar,10,36,5,9,0,1,2,0,17,0,0,2
2023-11-21_Germany_Austria,10,16,18,4,1,5,10,6,15,1,3,6
2023-11-21_Spain_Georgia,10,26,2,9,1,0,2,0,5,0,0,2
2023-11-21_Japan_Syria,10,32,9,7,2,1,3,4,5,0,2,1
2023-11-21_South Korea_China,10,18,8,3,5,2,10,12,11,6,1,3
2024-01-12_Qatar_Lebanon,10,12,16,3,1,6,3,4,5,1,0,2
2024-01-13_China_Tajikistan,10,11,14,5,1,4,0,0,0,0,0,0
2024-01-13_Uzbekistan_Syria,9,12,6,4,3,2,4,4,10,0,2,2
2024-01-13_Australia_India,10,8,12,4,1,5,3,4,4,1,0,2
2024-01-13_Ivory Coast_Guinea-Bissau,10,14,7,6,2,2,10,3,12,1,3,6
2024-01-13_Nigeria_Equatorial Guinea,10,15,8,8,0,2,4,2,2,2,0,2
2024-01-14_Japan_Vietnam,10,36,8,8,1,1,6,5,13,1,1,4
2024-01-14_UAE_Hong Kong,0,0,0,0,0,0,0,0,0,0,0,0
2024-01-14_Iran_Palestine,10,19,10,6,1,3,6,1,12,0,3,3
2024-01-14_Egypt_Mozambique,10,9,8,5,0,5,0,0,0,0,0,0
2024-01-14_Ghana_Cape Verde,10,10,20,2,2,6,4,3,2,2,1,1
2024-01-15_Iraq_Indonesia,10,12,13,3,3,4,2,0,4,0,0,2
2024-01-15_Thailand_Kyrgyzstan,4,4,7,1,1,2,4,4,7,0,1,3
2024-01-15_Saudi Arabia_Oman,10,11,11,4,0,6,7,5,11,2,0,5
2024-01-15_Senegal_Gambia,10,16,11,6,2,2,4,3,2,2,1,1
2024-01-15_Cameroon_Guinea,10,14,13,3,3,4,9,7,14,1,3,5
2024-01-16_Korea Republic_Bahrain,10,11,14,3,1,6,7,6,9,2,1,4
2024-01-16_Indonesia_Vietnam,3,1,7,0,0,3,7,7,17,1,1,5
2024-01-16_Iraq_Japan,10,13,13,3,3,4,10,39,9,9,0,1
2024-01-16_Algeria_Angola,10,10,7,4,3,3,6,2,4,0,4,2
2024-01-16_Burkina Faso_Mauritania,10,11,9,4,4,2,7,1,12,0,2,5
2024-01-16_Tunisia_Namibia,10,6,19,2,3,5,3,1,6,0,0,3
2024-01-16_Mali_South Africa,10,12,7,4,4,2,10,6,19,3,1,6
2024-01-17_Lebanon_China,4,4,8,1,0,3,10,9,13,4,2,4
2024-01-17_Tajikistan_Qatar,1,0,0,0,1,0,10,14,16,3,1,6
2024-01-17_Syria_Australia,5,4,10,0,3,2,10,7,10,4,1,5
2024-01-17_India_Uzbekistan,4,4,6,1,0,3,10,12,6,4,4,2
2024-01-17_Morocco_Tanzania,10,8,12,3,2,5,3,2,7,0,0,3
2024-01-17_DR Congo_Zambia,8,13,11,3,2,3,0,0,0,0,0,0
2024-01-18_Palestine_UAE,7,2,16,0,3,4,1,3,1,1,0,0
2024-01-18_Hong Kong_Iran,1,1,3,0,0,1,10,18,11,6,1,3
2024-01-18_Vietnam_Indonesia,8,7,18,1,1,6,4,2,7,1,0,3
2024-01-18_Japan_Iraq,10,39,9,9,0,1,10,15,12,4,3,3
2024-01-18_Equatorial Guinea_Guinea-Bissau,5,3,3,2,1,2,10,2,13,1,2,7
2024-01-18_Ivory Coast_Nigeria,10,16,6,7,2,1,10,15,9,7,1,2
2024-01-18_Egypt_Ghana,10,10,7,5,1,4,10,10,21,2,1,7
2024-01-18_Cape Verde_Mozambique,5,5,3,3,1,1,1,2,2,0,1,0
2024-01-19_Oman_Thailand,8,6,13,2,0,6,5,6,7,2,1,2
2024-01-19_Kyrgyzstan_Saudi Arabia,5,4,9,0,1,4,10,13,11,5,0,5
2024-01-19_Bahrain_Malaysia,8,7,12,2,1,5,0,0,0,0,0,0
2024-01-19_Guinea_Gambia,10,8,15,1,4,5,5,3,5,2,1,2
2024-01-19_Cameroon_Senegal,10,13,11,3,4,3,10,18,11,6,2,2
2024-01-20_Jordan_Korea Republic,7,9,5,2,4,1,10,14,14,4,1,5
2024-01-20_Qatar_China,10,11,16,3,1,6,10,7,12,3,3,4
2024-01-20_Tajikistan_Lebanon,2,0,1,0,1,1,5,4,8,1,1,3
2024-01-20_Angola_Mauritania,7,3,5,0,5,2,8,1,13,0,2,6
2024-01-20_Algeria_Burkina Faso,10,10,8,3,4,3,10,11,8,5,3,2
2024-01-21_Australia_Uzbekistan,10,8,10,5,0,5,10,14,6,4,4,2
2024-01-21_Syria_India,6,4,11,0,3,3,5,4,9,1,0,4
2024-01-21_Namibia_Mali,4,2,6,1,0,3,10,14,6,5,4,1
2024-01-21_South Africa_Tunisia,10,5,20,3,0,7,10,5,19,2,2,6
2024-01-22_Hong Kong_Palestine,2,1,4,0,0,2,8,3,17,0,4,4
2024-01-22_Iran_UAE,10,17,11,6,1,3,2,4,2,1,1,0
2024-01-22_Zambia_Morocco,1,1,1,0,1,0,10,11,9,4,2,4
2024-01-22_Tanzania_DR Congo,4,2,10,0,0,4,9,14,12,3,3,3
2024-01-23_Guinea-Bissau_Nigeria,10,3,15,1,2,7,10,16,7,8,1,1
2024-01-23_Equatorial Guinea_Ivory Coast,6,7,5,3,1,2,10,15,7,6,2,2
2024-01-23_Mozambique_Ghana,2,2,5,0,1,1,10,12,22,2,2,6
2024-01-23_Cape Verde_Egypt,6,8,3,4,1,1,10,11,7,5,2,3
2024-01-24_Japan_Indonesia,10,34,11,8,0,2,5,3,7,2,0,3
2024-01-24_Iraq_Vietnam,10,16,12,5,2,3,9,7,19,1,1,7
2024-01-24_Gambia_Cameroon,6,3,6,2,1,3,10,14,13,2,5,3
2024-01-24_Guinea_Senegal,10,7,13,2,3,5,10,21,14,6,2,2
2024-01-24_Tunisia_South Africa,10,4,19,1,3,6,10,5,17,3,1,6
2024-01-24_Namibia_Mali,5,2,6,1,1,3,10,13,5,5,4,1
2024-01-24_Morocco_Tanzania,10,12,9,5,1,4,5,2,10,0,1,4
2024-01-24_DR Congo_Zambia,10,14,12,3,4,3,2,1,2,0,1,1
2024-01-25_Korea Republic_Malaysia,10,14,16,3,2,5,1,0,1,0,0,1
2024-01-25_Jordan_Bahrain,8,11,7,2,5,1,9,8,12,3,1,5
2024-01-25_Saudi Arabia_Thailand,10,13,11,5,0,5,6,6,7,2,2,2
2024-01-25_Kyrgyzstan_Oman,6,5,11,0,1,5,9,6,13,2,1,6
2024-01-25_Burkina Faso_Angola,10,11,10,4,4,2,8,6,7,1,5,2
2024-01-25_Mauritania_Algeria,9,3,16,0,2,7,10,10,10,2,5,3
2024-01-27_Angola_Namibia,9,8,7,2,5,2,6,2,6,1,2,3
2024-01-27_Nigeria_Cameroon,10,14,5,8,1,1,10,13,14,2,5,3
2024-01-28_Australia_Korea Republic,10,8,11,4,1,5,10,16,17,3,3,4
2024-01-28_Uzbekistan_Thailand,10,14,5,4,5,1,7,6,7,2,3,2
2024-01-28_Equatorial Guinea_Guinea,7,11,5,4,1,2,10,7,14,2,3,5
2024-01-28_Egypt_DR Congo,10,12,9,4,3,3,10,14,13,2,5,3
2024-01-29_Syria_India,7,5,11,1,3,3,6,4,10,1,0,5
2024-01-29_Iran_Syria,10,19,13,6,1,3,7,5,11,1,3,3
2024-01-29_Qatar_Palestine,10,9,15,3,1,6,9,6,17,1,4,4
2024-01-29_Cape Verde_Mauritania,7,10,5,4,2,1,10,4,16,1,2,7
2024-01-29_Senegal_Ivory Coast,10,23,14,7,1,2,10,15,10,6,2,2
2024-01-30_Uzbekistan_Thailand,10,13,5,4,5,1,8,7,9,2,3,3
2024-01-30_Saudi Arabia_South Korea,10,9,11,4,1,5,10,19,6,4,4,2
2024-01-30_Bahrain_Japan,10,9,12,4,1,5,10,33,11,8,0,2
2024-01-30_Mali_Burkina Faso,10,9,4,4,5,1,10,9,12,3,4,3
2024-01-30_Morocco_South Africa,10,12,9,5,1,4,10,3,16,2,2,6
2024-01-31_Iraq_Jordan,10,18,13,6,1,3,9,11,8,2,5,2
2024-02-01_Qatar_Uzbekistan,10,9,14,4,0,6,10,15,6,5,4,1
2024-02-01_Japan_Iran,10,32,11,8,0,2,10,18,13,6,1,3
2024-02-02_Korea Republic_Australia,10,18,17,4,3,3,10,8,9,4,1,5
2024-02-02_Jordan_Tajikistan,10,14,10,3,5,2,3,2,2,1,1,1
2024-02-02_Nigeria_Angola,10,14,4,8,1,1,10,11,7,3,5,2
2024-02-02_DR Congo_Guinea,10,13,12,2,5,3,10,6,14,2,3,5
2024-02-03_Mali_Ivory Coast,10,10,4,5,4,1,10,12,10,5,3,2
2024-02-03_Cape Verde_South Africa,8,11,5,5,2,1,10,3,17,2,2,6
2024-02-06_Jordan_Korea Republic,10,15,9,4,5,1,10,19,16,5,3,2
2024-02-06_Qatar_Iran,10,10,14,4,1,5,10,17,14,6,1,3
2024-02-07_Nigeria_South Africa,10,14,2,9,1,0,10,2,17,1,3,6
2024-02-07_Ivory Coast_DR Congo,10,13,11,5,3,2,10,13,12,2,5,3
2024-02-09_South Africa_DR Congo,10,3,17,1,4,5,10,12,11,2,5,3
2024-02-10_Iran_Jordan,10,19,14,6,1,3,10,12,8,4,5,1
2024-02-10_Qatar_Jordan,10,13,14,5,1,4,10,12,8,4,5,1
2024-02-11_Nigeria_Ivory Coast,10,14,3,8,2,0,10,13,10,6,2,2
2024-03-21_Argentina_El Salvador,10,22,2,9,0,1,2,1,7,0,1,1
2024-03-21_England_Brazil,10,24,5,9,1,0,10,22,15,5,1,4
2024-03-21_France_Germany,10,46,5,9,0,1,10,16,18,4,1,5
2024-03-21_Spain_Colombia,10,26,3,9,1,0,10,11,12,3,4,3
2024-03-21_Japan_North Korea,10,29,11,7,0,3,6,3,21,0,0,6
2024-03-21_South Korea_Thailand,10,18,5,4,4,2,9,8,11,2,3,4
2024-03-26_Argentina_Costa Rica,10,18,2,9,0,1,10,8,19,1,5,4
2024-03-26_England_Belgium,10,22,5,8,1,1,10,10,10,5,1,4
2024-03-26_France_Chile,10,45,7,8,0,2,10,6,17,3,0,7
2024-03-26_Spain_Brazil,10,24,4,8,1,1,10,18,14,5,1,4
2024-03-26_Japan_USA,10,26,10,7,0,3,10,10,14,2,3,5
2024-03-26_South Korea_Tunisia,10,18,4,4,5,1,10,3,14,1,4,5
2024-06-05_Argentina_Ecuador,10,19,3,9,0,1,10,13,4,5,3,2
2024-06-05_England_Bosnia,10,22,7,7,2,1,8,8,16,0,3,5
2024-06-05_France_Luxembourg,10,45,9,8,0,2,7,10,2,6,1,0
2024-06-05_Germany_Greece,10,16,15,5,1,4,10,13,4,6,3,1
2024-06-05_Spain_Andorra,10,25,6,7,2,1,9,9,8,5,1,3
2024-06-05_Japan_Myanmar,10,25,11,6,1,3,1,0,5,0,0,1
2024-06-05_South Korea_Singapore,10,20,3,5,5,0,1,0,5,0,0,1
2024-06-09_Argentina_Guatemala,10,18,3,9,0,1,0,0,0,0,0,0
2024-06-09_England_Iceland,10,23,6,7,2,1,10,3,28,1,0,9
2024-06-09_France_Canada,10,47,9,8,0,2,6,7,13,2,0,4
2024-06-09_Germany_Ukraine,10,17,16,5,1,4,10,2,11,2,4,4
2024-06-09_Spain_Northern Ireland,10,30,6,8,1,1,10,4,17,0,2,8
2024-06-09_Japan_Syria,10,25,11,6,1,3,9,6,12,2,3,4
2024-06-09_South Korea_China,10,26,2,6,4,0,10,7,11,3,3,4
2024-06-14_Germany_Scotland,10,19,15,6,1,3,10,14,17,3,2,5
2024-06-15_Hungary_Switzerland,10,12,8,5,4,1,10,15,13,8,0,2
2024-06-15_Spain_Croatia,10,34,7,8,1,1,10,14,10,4,5,1
2024-06-15_Italy_Albania,10,11,14,4,0,6,6,3,14,1,0,5
2024-06-16_Poland_Netherlands,10,7,8,5,1,4,10,15,19,4,2,4
2024-06-16_Slovenia_Denmark,10,13,10,4,5,1,10,12,10,4,1,5
2024-06-16_Serbia_England,10,24,14,6,1,3,10,16,7,6,2,2
2024-06-17_Romania_Ukraine,10,11,7,5,4,1,10,2,13,1,4,5
2024-06-17_Belgium_Slovakia,10,12,11,5,2,3,10,7,15,4,0,6
2024-06-17_Austria_France,10,5,16,1,2,7,10,45,9,7,1,2
2024-06-18_Turkey_Georgia,10,31,10,7,0,3,3,1,8,0,0,3
2024-06-18_Portugal_Czech Republic,10,16,13,4,0,6,10,22,12,7,0,3
2024-06-19_Croatia_Albania,10,12,12,3,5,2,7,4,16,1,0,6
2024-06-19_Germany_Hungary,10,22,15,6,1,3,10,13,7,5,4,1
2024-06-19_Scotland_Switzerland,10,11,21,2,2,6,10,16,13,8,0,2
2024-06-20_Slovenia_Serbia,10,14,11,4,5,1,10,20,14,5,1,4
2024-06-20_Denmark_England,10,11,10,3,2,5,10,14,6,6,2,2
2024-06-20_Argentina_Canada,10,20,4,9,0,1,7,7,13,2,1,4
2024-06-20_Spain_Italy,10,31,7,8,1,1,10,12,15,4,0,6
2024-06-21_Slovakia_Ukraine,10,8,12,5,0,5,10,1,16,0,4,6
2024-06-21_Poland_Austria,10,8,8,5,1,4,10,4,15,1,2,7
2024-06-21_Netherlands_France,10,16,20,4,2,4,10,45,7,8,1,1
2024-06-21_Peru_Chile,10,8,13,3,0,7,10,7,20,2,0,8
2024-06-21_Ecuador_Venezuela,10,10,5,4,3,3,10,8,20,1,2,7
2024-06-22_Georgia_Czech Republic,4,2,11,0,0,4,10,21,13,6,0,4
2024-06-22_Turkey_Portugal,10,30,11,7,0,3,10,18,13,5,0,5
2024-06-22_Belgium_Romania,10,10,11,4,2,4,10,14,6,6,4,0
2024-06-22_Mexico_Jamaica,10,9,13,4,2,4,5,0,9,0,0,5
2024-06-22_United States_Bolivia,0,0,0,0,0,0,10,3,27,1,0,9
2024-06-22_Uruguay_Panama,10,8,10,3,3,4,8,2,33,0,0,8
2024-06-23_Switzerland_Germany,10,16,14,7,1,2,10,23,11,7,1,2
2024-06-23_Scotland_Hungary,10,12,22,2,2,6,10,12,8,5,3,2
2024-06-23_Colombia_Paraguay,10,12,9,4,4,2,10,7,12,1,5,4
2024-06-24_Albania_Spain,8,6,18,1,1,6,10,26,7,8,1,1
2024-06-24_Croatia_Italy,10,14,14,3,5,2,10,11,16,3,0,7
2024-06-24_Brazil_Costa Rica,10,17,16,4,2,4,10,9,22,1,4,5
2024-06-24_Argentina_Chile,10,21,4,9,0,1,10,6,17,2,1,7
2024-06-24_Spain_Albania,10,26,7,8,1,1,8,6,18,1,1,6
2024-06-25_Netherlands_Austria,10,14,20,3,3,4,10,6,16,1,2,7
2024-06-25_France_Poland,10,43,6,7,2,1,10,8,11,4,1,5
2024-06-25_England_Slovenia,10,14,7,5,3,2,10,13,9,4,6,0
2024-06-25_Denmark_Serbia,10,11,9,3,3,4,10,19,15,4,2,4
2024-06-25_Peru_Canada,10,8,11,3,1,6,8,7,15,2,1,5
2024-06-25_Chile_Argentina,10,4,18,1,1,8,10,19,4,9,0,1
2024-06-26_Slovakia_Romania,10,7,13,4,0,6,10,11,6,5,4,1
2024-06-26_Ukraine_Belgium,10,3,17,1,3,6,10,12,10,5,2,3
2024-06-26_Georgia_Portugal,5,3,12,0,1,4,10,21,12,6,0,4
2024-06-26_Czech Republic_Turkey,10,21,12,6,1,3,10,26,14,6,0,4
2024-06-26_Ecuador_Jamaica,10,9,7,3,3,4,6,0,10,0,0,6
2024-06-26_Venezuela_Mexico,10,8,20,1,2,7,10,9,11,5,2,3
2024-06-27_Panama_United States,9,3,36,0,0,9,1,2,0,1,0,0
2024-06-27_Uruguay_Bolivia,10,11,8,4,3,3,10,3,27,1,0,9
2024-06-28_Colombia_Costa Rica,10,13,8,5,4,1,10,8,21,1,4,5
2024-06-28_Paraguay_Brazil,10,6,14,0,5,5,10,15,12,4,3,3
2024-06-29_Switzerland_Italy,10,15,14,6,2,2,10,12,16,3,1,6
2024-06-29_Germany_Denmark,10,23,10,7,2,1,10,9,9,2,4,4
2024-06-29_Canada_Chile,9,8,15,3,1,5,10,2,19,0,1,9
2024-06-29_Argentina_Peru,10,19,4,9,0,1,10,8,11,3,1,6
2024-06-29_Spain_Georgia,10,25,7,8,1,1,6,5,12,1,1,4
2024-06-30_England_Slovakia,10,13,7,4,4,2,10,8,13,4,1,5
2024-06-30_Spain_Georgia,10,26,7,8,1,1,7,6,16,1,1,5
2024-06-30_Mexico_Ecuador,10,8,12,4,2,4,10,10,8,3,3,4
2024-06-30_Jamaica_Venezuela,7,1,13,0,0,7,10,8,17,2,2,6
2024-07-01_France_Belgium,10,40,6,6,3,1,10,10,9,4,3,3
2024-07-01_Portugal_Slovenia,10,17,14,5,0,5,10,11,8,3,7,0
2024-07-01_Bolivia_Panama,10,2,28,1,0,9,10,5,37,1,0,9
2024-07-01_United States_Uruguay,2,3,2,1,0,1,10,16,7,5,3,2
2024-07-02_Romania_Netherlands,10,11,6,5,4,1,10,15,22,3,2,5
2024-07-02_Austria_Turkey,10,8,16,2,2,6,10,22,15,6,0,4
2024-07-02_Brazil_Colombia,10,17,9,5,3,2,10,16,7,6,4,0
2024-07-02_Costa Rica_Paraguay,10,8,24,1,3,6,10,7,17,0,5,5
2024-07-04_Argentina_Ecuador,10,18,4,9,0,1,10,8,8,2,4,4
2024-07-04_Spain_Germany,10,27,7,8,1,1,10,22,9,7,2,1
2024-07-05_Spain_Germany,10,29,7,9,1,0,10,21,9,7,1,2
2024-07-05_Portugal_France,10,17,10,5,1,4,10,37,5,6,3,1
2024-07-05_Venezuela_Canada,10,11,16,3,2,5,10,8,15,3,2,5
2024-07-06_England_Switzerland,10,12,7,4,4,2,10,15,13,6,2,2
2024-07-06_Netherlands_Turkey,10,16,22,3,2,5,10,22,16,6,0,4
2024-07-06_Colombia_Panama,10,17,8,6,4,0,10,8,35,2,0,8
2024-07-06_Uruguay_Brazil,10,17,6,6,3,1,10,13,9,4,4,2
2024-07-09_Argentina_Canada,10,19,3,9,1,0,10,7,15,2,3,5
2024-07-09_Spain_France,10,28,5,10,0,0,10,23,5,5,4,1
2024-07-10_Netherlands_England,10,15,22,3,2,5,10,11,8,3,5,2
2024-07-10_Colombia_Uruguay,10,22,8,7,3,0,10,17,6,6,3,1
2024-07-13_Canada_Uruguay,10,5,16,1,3,6,10,17,5,6,3,1
2024-07-14_Argentina_Colombia,10,20,3,9,1,0,10,21,6,8,2,0
2024-07-14_Spain_England,10,25,6,10,0,0,10,12,8,4,4,2
2024-09-05_Portugal_Croatia,10,17,9,5,2,3,10,11,14,2,6,2
2024-09-05_Denmark_Switzerland,10,7,11,1,4,5,10,14,13,5,3,2
2024-09-05_Serbia_Spain,10,15,14,3,3,4,10,22,6,10,0,0
2024-09-05_Italy_France,10,11,18,2,1,7,10,10,7,4,4,2
2024-09-05_Belgium_Israel,10,10,9,4,3,3,2,0,4,0,0,2
2024-09-05_Argentina_Chile,10,18,3,9,1,0,10,2,17,0,2,8
2024-09-05_Brazil_Ecuador,10,12,9,3,5,2,10,9,9,2,4,4
2024-09-05_England_Republic of Ireland,10,13,9,4,4,2,7,5,11,0,2,5
2024-09-05_France_Italy,10,10,7,4,4,2,10,11,18,2,1,7
2024-09-05_Germany_Hungary,10,20,8,7,1,2,10,12,8,5,3,2
2024-09-05_Spain_Serbia,10,22,6,10,0,0,10,15,14,3,3,4
2024-09-05_Japan_China,10,25,11,6,1,3,10,7,10,3,3,4
2024-09-05_South Korea_Palestine,10,27,2,7,3,0,10,7,19,1,4,5
2024-09-06_Germany_Hungary,10,23,8,7,1,2,10,8,13,4,3,3
2024-09-06_Netherlands_Bosnia,10,14,22,3,1,6,9,8,19,0,3,6
2024-09-06_England_Finland,10,13,7,5,3,2,10,13,19,0,5,5
2024-09-06_Greece_Finland,10,13,5,6,2,2,10,13,19,0,5,5
2024-09-07_France_Italy,10,11,7,4,4,2,10,13,18,3,1,6
2024-09-07_Israel_Belgium,3,1,7,0,0,3,10,11,9,4,3,3
2024-09-07_Croatia_Portugal,10,12,16,2,5,3,10,16,8,5,2,3
2024-09-07_Poland_Scotland,10,8,12,3,2,5,10,9,23,1,2,7
2024-09-08_Hungary_Germany,10,7,18,3,3,4,10,26,8,7,1,2
2024-09-08_Bosnia_Netherlands,10,10,24,0,3,7,10,19,20,4,1,5
2024-09-08_Spain_Serbia,10,19,7,8,2,0,10,10,14,1,5,4
2024-09-08_Switzerland_Denmark,10,13,15,4,3,3,10,8,9,2,4,4
2024-09-10_Argentina_Colombia,10,18,2,9,1,0,10,19,5,8,1,1
2024-09-10_Brazil_Peru,10,12,8,4,4,2,10,5,13,2,1,7
2024-09-10_England_Finland,10,12,7,5,3,2,10,12,21,0,4,6
2024-09-10_France_Belgium,10,9,10,3,4,3,10,13,10,4,3,3
2024-09-10_Germany_Netherlands,10,29,7,7,1,2,10,24,18,5,1,4
2024-09-10_Spain_Switzerland,10,19,7,8,2,0,10,13,17,3,3,4
2024-09-10_Japan_Bahrain,10,28,9,6,1,3,10,10,13,4,1,5
2024-09-10_South Korea_Oman,10,26,2,6,4,0,10,7,14,2,2,6
2024-10-10_Serbia_Switzerland,10,8,15,0,5,5,10,13,17,3,3,4
2024-10-10_Poland_Portugal,10,10,14,3,2,5,10,16,9,5,2,3
2024-10-10_Scotland_Croatia,10,7,25,0,2,8,10,12,17,2,4,4
2024-10-10_Italy_Israel,10,15,17,4,1,5,4,2,10,0,0,4
2024-10-10_France_Belgium,10,11,10,4,3,3,10,13,10,4,3,3
2024-10-10_Argentina_Venezuela,10,18,2,9,1,0,10,12,14,3,3,4
2024-10-10_Brazil_Chile,10,15,8,4,4,2,10,2,18,0,2,8
2024-10-10_England_Greece,10,14,6,6,3,1,10,15,4,7,1,2
2024-10-10_France_Israel,10,11,10,4,3,3,4,2,10,0,0,4
2024-10-10_Germany_France,10,29,8,6,2,2,10,11,10,4,3,3
2024-10-10_Spain_Denmark,10,19,7,8,2,0,10,9,8,3,4,3
2024-10-10_Japan_Saudi Arabia,10,30,9,7,1,2,10,8,12,3,2,5
2024-10-10_South Korea_Iraq,10,29,3,7,3,0,10,20,14,6,1,3
2024-10-11_Germany_Netherlands,10,25,9,5,2,3,10,24,16,5,2,3
2024-10-11_Hungary_Bosnia,10,6,22,3,2,5,10,12,28,0,3,7
2024-10-14_Portugal_Scotland,10,18,8,6,2,2,10,9,26,1,1,8
2024-10-14_Croatia_Poland,10,12,18,2,3,5,10,10,17,2,2,6
2024-10-14_Belgium_Italy,10,13,12,4,2,4,10,18,16,5,1,4
2024-10-14_Israel_France,6,4,18,0,0,6,10,17,11,6,1,3
2024-10-14_Netherlands_Germany,10,22,14,5,2,3,10,24,9,5,2,3
2024-10-14_Bosnia_Hungary,10,11,27,0,3,7,10,5,22,2,3,5
2024-10-14_Denmark_Serbia,10,7,9,2,4,4,10,9,12,1,5,4
2024-10-14_Switzerland_Spain,10,10,17,2,3,5,10,16,6,8,2,0
2024-10-15_Argentina_Bolivia,10,15,2,8,2,0,10,3,30,1,0,9
2024-10-15_Brazil_Peru,10,16,7,5,4,1,10,2,17,1,1,8
2024-10-15_England_Finland,10,14,8,5,3,2,10,11,22,0,3,7
2024-10-15_France_Belgium,10,20,12,6,1,3,10,10,11,3,2,5
2024-10-15_Germany_Netherlands,10,23,9,5,1,4,10,21,13,5,2,3
2024-10-15_Spain_Switzerland,10,13,6,7,3,0,10,10,12,2,4,4
2024-10-15_Japan_Australia,10,31,7,8,1,1,10,8,11,3,1,6
2024-10-15_South Korea_Iraq,10,26,5,7,3,0,10,20,14,6,1,3
2024-11-14_Scotland_Croatia,10,11,27,1,1,8,10,15,18,2,4,4
2024-11-14_Portugal_Poland,10,15,9,6,2,2,10,13,20,2,2,6
2024-11-14_Argentina_Paraguay,10,19,2,8,2,0,10,5,16,0,4,6
2024-11-14_Brazil_Venezuela,10,20,6,6,4,0,10,11,13,3,3,4
2024-11-14_England_Greece,10,15,7,6,2,2,10,16,5,7,1,2
2024-11-14_France_Israel,10,22,12,7,0,3,7,5,22,0,0,7
2024-11-14_Germany_Bosnia,10,23,11,4,2,4,10,10,25,0,4,6
2024-11-14_Spain_Denmark,10,12,5,7,3,0,10,9,9,3,3,4
2024-11-14_Japan_Indonesia,10,29,7,7,2,1,6,4,10,2,0,4
2024-11-14_South Korea_Kuwait,10,24,7,7,3,0,3,1,6,0,0,3
2024-11-15_Belgium_Italy,10,8,11,3,1,6,10,16,14,5,1,4
2024-11-15_France_Israel,10,25,11,8,0,2,8,6,26,0,0,8
2024-11-15_Germany_Bosnia,10,29,9,5,2,3,10,9,29,0,4,6
2024-11-15_Netherlands_Hungary,10,23,15,5,2,3,10,4,21,2,3,5
2024-11-15_Spain_Denmark,10,11,4,7,3,0,10,8,8,3,3,4
2024-11-15_Serbia_Switzerland,10,9,12,1,5,4,10,7,12,1,4,5
2024-11-18_Poland_Scotland,10,12,25,1,2,7,10,11,24,2,1,7
2024-11-18_Croatia_Portugal,10,13,18,1,4,5,10,20,9,7,2,1
2024-11-18_Italy_France,10,15,12,5,1,4,10,22,10,7,1,2
2024-11-18_Israel_Belgium,9,6,26,0,1,8,10,9,10,4,1,5
2024-11-19_Hungary_Germany,10,3,25,1,3,6,10,35,7,6,2,2
2024-11-19_Bosnia_Netherlands,10,8,33,0,4,6,10,25,12,6,2,2
2024-11-19_Denmark_Spain,10,8,8,3,3,4,10,10,3,7,3,0
2024-11-19_Switzerland_Serbia,10,6,13,1,3,6,10,8,9,2,4,4
2024-11-19_Argentina_Peru,10,19,2,8,2,0,10,2,19,1,1,8
2024-11-19_Brazil_Uruguay,10,20,7,5,5,0,10,17,7,5,4,1
2024-11-19_England_Republic of Ireland,10,16,9,6,1,3,8,5,13,0,2,6
2024-11-19_France_Italy,10,24,8,8,1,1,10,14,14,4,1,5
2024-11-19_Germany_Hungary,10,35,7,6,2,2,10,3,25,1,3,6
2024-11-19_Spain_Serbia,10,10,3,7,3,0,10,8,9,2,4,4
2024-11-19_Japan_China,10,30,6,7,2,1,10,5,16,2,3,5
2024-11-19_South Korea_Palestine,10,24,8,7,3,0,10,7,15,1,5,4
2025-03-20_Argentina_Uruguay,10,19,2,8,2,0,10,17,7,5,4,1
2025-03-20_Brazil_Colombia,10,18,5,5,5,0,10,17,5,7,1,2
2025-03-20_England_Latvia,10,19,8,6,1,3,10,21,11,7,1,2
2025-03-20_France_Croatia,10,26,6,9,1,0,10,10,17,0,5,5
2025-03-20_Germany_Italy,10,31,8,5,3,2,10,15,16,4,1,5
2025-03-20_Spain_Netherlands,10,11,4,7,3,0,10,23,13,5,3,2
2025-03-20_Japan_USA,10,32,5,8,2,0,10,9,13,2,3,5
2025-03-20_South Korea_Oman,10,24,8,7,3,0,10,8,16,2,2,6
2025-03-25_Argentina_Brazil,10,18,2,8,2,0,10,20,6,6,4,0
2025-03-25_England_Latvia,10,21,7,7,0,3,10,18,14,6,1,3
2025-03-25_France_Croatia,10,26,6,9,1,0,10,10,19,0,4,6
2025-03-25_Germany_Italy,10,28,9,5,3,2,10,15,17,4,0,6
2025-03-25_Spain_Netherlands,10,12,5,7,3,0,10,23,14,4,4,2
2025-03-25_Japan_USA,10,32,6,7,3,0,10,10,13,2,4,4
2025-03-25_South Korea_Oman,10,26,8,8,2,0,10,9,15,2,2,6
2025-06-04_Spain_France,10,13,7,6,4,0,10,26,6,9,1,0
2025-06-04_Portugal_Germany,10,19,9,6,3,1,10,28,8,6,2,2
2025-06-07_Spain_Portugal,10,14,8,6,4,0,10,18,10,6,3,1
2025-06-10_Argentina_Peru,10,21,2,9,1,0,10,2,18,1,1,8
2025-06-10_Brazil_Paraguay,10,17,9,5,4,1,10,5,17,0,3,7
2025-06-10_England_Italy,10,22,6,7,0,3,10,16,17,4,0,6
2025-06-10_France_Germany,10,23,7,8,1,1,10,28,8,6,2,2
2025-06-10_Spain_Portugal,10,15,9,6,4,0,10,19,10,6,3,1
2025-06-10_Japan_South Korea,10,32,6,7,3,0,10,27,9,8,2,0
2025-06-10_Mexico_USA,10,6,11,3,3,4,10,10,12,2,5,3
2025-06-15_Argentina_Chile,10,22,2,9,1,0,10,3,16,0,2,8
2025-06-15_Brazil_Uruguay,10,17,8,6,3,1,10,16,7,5,3,2
2025-06-15_England_Spain,10,23,5,8,0,2,10,15,8,7,3,0
2025-06-15_France_Portugal,10,23,7,8,1,1,10,19,11,6,2,2
2025-06-15_Germany_Netherlands,10,28,10,5,2,3,10,24,14,4,5,1
2025-06-15_Japan_Argentina,10,28,7,6,4,0,10,22,2,9,1,0
2025-06-15_South Korea_Brazil,10,21,10,7,3,0,10,17,8,6,3,1
